step,next_token_loss,train_loss,token_accuracy,char_accuracy,perplexity,bits_per_char,learning_rate,grad_norm,step_time_sec,wall_clock_time_sec,tokens_per_sec,peak_memory_mb
1,4.43398380279541,4.43398380279541,0.013651877641677856,0.013651877641677856,84.26645003342468,6.3968864436749255,0.001,3.6551735401153564,0.02424788475036621,0.07191348075866699,84584.69763920434,399.55908203125
2,4.402065277099609,4.402065277099609,0.06549971550703049,0.06549971550703049,81.61926110743809,6.350837744941107,0.001,0.8520563244819641,0.02834486961364746,0.14954257011413574,62480.44263880828,410.08349609375
3,4.390489101409912,4.390489101409912,0.07361268252134323,0.07361268252134323,80.67986997007712,6.334136853681121,0.001,0.45337262749671936,0.018996000289916992,0.21773505210876465,92966.93898964544,412.70849609375
4,4.382466793060303,4.382466793060303,0.08486486971378326,0.08486486971378326,80.03522042162703,6.322563109208658,0.001,0.5267418622970581,0.02378058433532715,0.29058337211608887,77794.55600894298,412.70849609375
5,4.375332355499268,4.375332355499268,0.10055865347385406,0.10055865347385406,79.46624620775297,6.3122702915198206,0.001,0.4482370615005493,0.02774810791015625,0.3662607669830322,64508.90294198515,413.2236328125
6,4.369494915008545,4.369494915008545,0.1164383515715599,0.1164383515715599,79.00371802826959,6.303848645072371,0.001,0.4735688865184784,0.018939495086669922,0.4342491626739502,92505.10596943529,413.2236328125
7,4.360115051269531,4.360115051269531,0.13847900927066803,0.13847900927066803,78.26613852370618,6.290316362171882,0.001,0.46415194869041443,0.022647380828857422,0.5048649311065674,77801.49118854616,413.2236328125
8,4.351459980010986,4.351459980010986,0.14313222467899323,0.14313222467899323,77.59166254689863,6.277829733788638,0.001,0.3625081181526184,0.02714848518371582,0.5774307250976562,57388.100641965764,413.2236328125
9,4.343849182128906,4.343849182128906,0.1465831995010376,0.1465831995010376,77.00336961491922,6.266849673426953,0.001,0.29728081822395325,0.018926382064819336,0.6454317569732666,101287.18702996863,413.2236328125
10,4.33405065536499,4.33405065536499,0.16232585906982422,0.16232585906982422,76.25253458278141,6.252713387456634,0.001,0.3934219479560852,0.02779865264892578,0.720116138458252,59391.36766269855,413.2236328125
11,4.328248023986816,4.328248023986816,0.19735877215862274,0.19735877215862274,75.81135048519803,6.2443419599432355,0.001,0.41365620493888855,0.019422531127929688,0.7842717170715332,70176.22940194442,413.95849609375
12,4.319147109985352,4.319147109985352,0.20720721781253815,0.20720721781253815,75.1245280008725,6.231212116445765,0.001,0.34925398230552673,0.032546281814575195,0.8658359050750732,51157.917499945055,413.95849609375
13,4.316333293914795,4.316333293914795,0.21101447939872742,0.21101447939872742,74.91343851945436,6.2271526379547995,0.001,0.41937339305877686,0.019726037979125977,0.9307436943054199,87447.86975597375,413.95849609375
14,4.307435989379883,4.307435989379883,0.21574023365974426,0.21574023365974426,74.24986721862646,6.214316540825003,0.001,0.4068450927734375,0.030481815338134766,1.0118792057037354,59609.31066093078,413.95849609375
15,4.2988667488098145,4.2988667488098145,0.22441160678863525,0.22441160678863525,73.61632062758181,6.201953739950381,0.001,0.31138965487480164,0.01935410499572754,1.0771465301513672,94398.57851361838,413.95849609375
16,4.292329788208008,4.292329788208008,0.23583877086639404,0.23583877086639404,73.13666309922537,6.192522899307668,0.001,0.2882976830005646,0.028419017791748047,1.154651403427124,64604.625446735685,413.95849609375
17,4.2813591957092285,4.2813591957092285,0.2542746663093567,0.2542746663093567,72.33869566262207,6.176695679914065,0.001,0.27560901641845703,0.019114971160888672,1.2223076820373535,94847.12190984609,413.95849609375
18,4.284722805023193,4.284722805023193,0.21797005832195282,0.21797005832195282,72.58242444752554,6.18154834239081,0.001,0.27984315156936646,0.02894449234008789,1.2998290061950684,62291.64356435643,413.95849609375
19,4.270021915435791,4.270021915435791,0.27176928520202637,0.27176928520202637,71.52320306420786,6.160339441886409,0.001,0.2702717185020447,0.01897907257080078,1.3676559925079346,94999.37329782423,413.95849609375
20,4.2640485763549805,4.2640485763549805,0.2633410692214966,0.2633410692214966,71.097244185114,6.151721735216975,0.001,0.28485774993896484,0.027026891708374023,1.4438400268554688,63788.31937472984,413.95849609375
21,4.254644393920898,4.254644393920898,0.30570802092552185,0.30570802092552185,70.43176677023067,6.13815436785571,0.001,0.29061612486839294,0.027350187301635742,1.5205869674682617,66617.45968705052,413.95849609375
22,4.263308525085449,4.263308525085449,0.26201924681663513,0.26201924681663513,71.04464804361574,6.150654066920419,0.001,0.2932852804660797,0.028995275497436523,1.5988976955413818,57388.65975414217,415.27099609375
23,4.2465338706970215,4.2465338706970215,0.3084656000137329,0.3084656000137329,69.86283856156578,6.1264533562216075,0.001,0.274625688791275,0.020458221435546875,1.6713123321533203,92383.39735222823,415.27099609375
24,4.234192371368408,4.234192371368408,0.3379685580730438,0.3379685580730438,69.00592506158858,6.108648336343083,0.001,0.2728666365146637,0.0238802433013916,1.7427499294281006,69262.27589580775,415.27099609375
25,4.231938362121582,4.231938362121582,0.29833680391311646,0.29833680391311646,68.8505602310746,6.105396488380569,0.001,0.27618640661239624,0.02781367301940918,1.8210670948028564,69174.61058298117,415.27099609375
26,4.228544235229492,4.228544235229492,0.3195876181125641,0.3195876181125641,68.61726882733402,6.1004997983452025,0.001,0.2628301680088043,0.021413087844848633,1.8972487449645996,95128.73690891074,415.27099609375
27,4.216385841369629,4.216385841369629,0.3218928575515747,0.3218928575515747,67.78804428174614,6.0829589438184035,0.001,0.2796294391155243,0.027007579803466797,1.9763054847717285,71202.23337276436,415.27099609375
28,4.216069221496582,4.216069221496582,0.3333333432674408,0.3333333432674408,67.76658463722579,6.082502157897712,0.001,0.27572640776634216,0.021637678146362305,2.0477073192596436,83742.81139331167,415.27099609375
29,4.206695556640625,4.206695556640625,0.3374413251876831,0.3374413251876831,67.13433127938008,6.068978818095068,0.001,0.26995715498924255,0.027008056640625,2.123375654220581,63092.284745762714,415.27099609375
30,4.203420639038086,4.203420639038086,0.27784091234207153,0.27784091234207153,66.91483149417317,6.064254110710564,0.001,0.27426689863204956,0.018956661224365234,2.194894552230835,92843.35354043517,415.27099609375
31,4.189113140106201,4.189113140106201,0.3353424668312073,0.3353424668312073,65.96426395149498,6.04361275295401,0.001,0.28401872515678406,0.026340723037719727,2.2714948654174805,69284.35477593432,415.27099609375
32,4.183493614196777,4.183493614196777,0.33939096331596375,0.33939096331596375,65.59461565796688,6.035505490792337,0.001,0.28037527203559875,0.018958568572998047,2.346432685852051,107392.07404612792,415.27099609375
33,4.178727149963379,4.178727149963379,0.3525908291339874,0.3525908291339874,65.28270521404609,6.028628936480239,0.001,0.28101983666419983,0.0230712890625,2.417701244354248,72774.43386243386,415.27099609375
34,4.170088291168213,4.170088291168213,0.32969433069229126,0.32969433069229126,64.72116616251762,6.016165697737512,0.001,0.29454246163368225,0.02854752540588379,2.4964325428009033,64173.6884004109,415.27099609375
35,4.164144515991211,4.164144515991211,0.3460686504840851,0.3460686504840851,64.33761908961651,6.007590642765493,0.001,0.30807366967201233,0.018968820571899414,2.567394256591797,95208.8714822589,415.27099609375
36,4.163089275360107,4.163089275360107,0.3211009204387665,0.3211009204387665,64.26976322827231,6.0060682523400555,0.001,0.3080732524394989,0.026448965072631836,2.6423892974853516,61817.163564249335,415.27099609375
37,4.151875019073486,4.151875019073486,0.33449652791023254,0.33449652791023254,63.55305183566256,5.989889500408089,0.001,0.2940898537635803,0.019017696380615234,2.716965913772583,105480.70385878695,415.27099609375
38,4.137175559997559,4.137175559997559,0.37049001455307007,0.37049001455307007,62.62568891589641,5.968682663695498,0.001,0.3132190704345703,0.02827286720275879,2.7979683876037598,65681.34694944555,415.27099609375
39,4.137706279754639,4.137706279754639,0.3509202301502228,0.3509202301502228,62.658934427549426,5.96944833045714,0.001,0.34262603521347046,0.018919706344604492,2.864197015762329,86153.55705374583,415.27099609375
40,4.138372421264648,4.138372421264648,0.3228840231895447,0.3228840231895447,62.70068805011119,5.97040936951016,0.001,0.30347853899002075,0.025519371032714844,2.938283920288086,62501.54041630853,415.27099609375
41,4.126347064971924,4.126347064971924,0.32092005014419556,0.32092005014419556,61.951205366481354,5.953060447621724,0.001,0.31562620401382446,0.02828383445739746,3.0203628540039062,64559.84611105023,415.27099609375
42,4.112249851226807,4.112249851226807,0.3731938302516937,0.3731938302516937,61.08399298363998,5.932722467261292,0.001,0.330186128616333,0.02674126625061035,3.100538969039917,75052.54168561264,415.27099609375
43,4.1100616455078125,4.1100616455078125,0.36751630902290344,0.36751630902290344,60.95047477678258,5.929565553722054,0.001,0.32807132601737976,0.028496265411376953,3.1826393604278564,59200.740014390656,415.27099609375
44,4.106566429138184,4.106566429138184,0.3410981595516205,0.3410981595516205,60.7378115481058,5.924523022398756,0.001,0.3293517231941223,0.02655196189880371,3.2603938579559326,67904.5867447269,415.27099609375
45,4.092206001281738,4.092206001281738,0.36207738518714905,0.36207738518714905,59.87182344911153,5.903805304345219,0.001,0.3553811311721802,0.02871847152709961,3.345930337905884,71069.24190147276,415.27099609375
46,4.0854716300964355,4.0854716300964355,0.36275628209114075,0.36275628209114075,59.469978970099405,5.894089660432678,0.001,0.3405891954898834,0.03074812889099121,3.428995370864868,57109.16609675343,415.27099609375
47,4.077398777008057,4.077398777008057,0.3399668335914612,0.3399668335914612,58.99181922025268,5.882442995316248,0.001,0.34166255593299866,0.0199432373046875,3.503490447998047,90707.43993879113,415.27099609375
48,4.06796407699585,4.06796407699585,0.37379810214042664,0.37379810214042664,58.43786640117319,5.868831600396362,0.001,0.35277315974235535,0.026992082595825195,3.579108238220215,61647.707030111385,415.27099609375
49,4.068162441253662,4.068162441253662,0.35262876749038696,0.35262876749038696,58.44945953496368,5.869117779527397,0.001,0.38011106848716736,0.01902031898498535,3.652775287628174,98999.3912029783,415.27099609375
50,4.065430641174316,4.065430641174316,0.3617021143436432,0.3617021143436432,58.290005194621884,5.865176625100226,0.001,0.36238452792167664,0.024262189865112305,3.7270514965057373,67800.96970411643,415.27099609375
51,4.049239158630371,4.049239158630371,0.3496767282485962,0.3496767282485962,57.35380329451021,5.8418172535294355,0.001,0.37109941244125366,0.027401208877563477,3.809100866317749,67734.23786859713,415.27099609375
52,4.054718971252441,4.054718971252441,0.3647260069847107,0.3647260069847107,57.668954084745266,5.849722952024297,0.001,0.3869952857494354,0.01909327507019043,3.881484031677246,91760.05654133836,415.27099609375
53,4.047447681427002,4.047447681427002,0.35087719559669495,0.35087719559669495,57.25114724382415,5.839232698252269,0.001,0.36767393350601196,0.026676177978515625,3.9585318565368652,64102.13642213642,415.27099609375
54,4.031046390533447,4.031046390533447,0.3492324650287628,0.3492324650287628,56.31981294377439,5.81557063721596,0.001,0.39577725529670715,0.01898956298828125,4.032034158706665,96052.76335877863,415.27099609375
55,4.029107570648193,4.029107570648193,0.34036940336227417,0.34036940336227417,56.21072475585129,5.812773511382328,0.001,0.4162704646587372,0.026825428009033203,4.111829042434692,70641.9297154132,415.27099609375
56,4.013443946838379,4.013443946838379,0.37193170189857483,0.37193170189857483,55.33712087191861,5.7901756789895575,0.001,0.3908345699310303,0.020595788955688477,4.189955472946167,90989.47382068646,415.27099609375
57,4.017153739929199,4.017153739929199,0.35737350583076477,0.35737350583076477,55.54279140227194,5.795527779084408,0.001,0.38288018107414246,0.026830673217773438,4.268696546554565,69249.10101656358,415.27099609375
58,3.991424322128296,3.991424322128296,0.39652448892593384,0.39652448892593384,54.131935794832714,5.758408075618085,0.001,0.43305718898773193,0.019039154052734375,4.342380046844482,99741.82648767783,415.27099609375
59,3.998704195022583,3.998704195022583,0.36970120668411255,0.36970120668411255,54.52744729694542,5.7689107121409755,0.001,0.40872320532798767,0.027948617935180664,4.418523073196411,51487.34020899978,415.27099609375
60,3.9850857257843018,3.9850857257843018,0.3730834722518921,0.3730834722518921,53.789900461651406,5.749263414106408,0.001,0.4132997393608093,0.028607606887817383,4.4992897510528564,61557.05392994358,415.27099609375
61,3.9725828170776367,3.9725828170776367,0.38749998807907104,0.38749998807907104,53.12155707145068,5.731225529718615,0.001,0.41930148005485535,0.02140212059020996,4.575831651687622,85972.7891095837,415.27099609375
62,3.9755165576934814,3.9755165576934814,0.3636894226074219,0.3636894226074219,53.27763076893912,5.735458022756348,0.001,0.4168740212917328,0.02766132354736328,4.655732154846191,61927.622409929325,415.27099609375
63,3.9718990325927734,3.9718990325927734,0.35671234130859375,0.35671234130859375,53.0852457908734,5.730239037233265,0.001,0.4238932132720947,0.030150651931762695,4.742282152175903,60529.37111046093,415.27099609375
64,3.9462146759033203,3.9462146759033203,0.3747044801712036,0.3747044801712036,51.73914625282872,5.693184343208968,0.001,0.44706034660339355,0.019163131713867188,4.814028263092041,88294.5452373843,415.27099609375
65,3.9385673999786377,3.9385673999786377,0.37117213010787964,0.37117213010787964,51.344991750316304,5.682151656156119,0.001,0.44973424077033997,0.028211116790771484,4.8980090618133545,67136.65446309348,415.27099609375
66,3.936236619949341,3.936236619949341,0.3702757954597473,0.3702757954597473,51.225457227394294,5.67878905136645,0.001,0.4446151852607727,0.032225608825683594,4.984329700469971,60759.13136634015,415.27099609375
67,3.9296281337738037,3.9296281337738037,0.3855278789997101,0.3855278789997101,50.888050602914994,5.669255021133219,0.001,0.47016245126724243,0.01903223991394043,5.052851676940918,88586.52516065993,415.27099609375
68,3.925091028213501,3.925091028213501,0.38108718395233154,0.38108718395233154,50.65768912790816,5.66270936144138,0.001,0.4606742560863495,0.027142047882080078,5.136598348617554,65065.09780221711,415.27099609375
69,3.919434070587158,3.919434070587158,0.37745341658592224,0.37745341658592224,50.371929753451894,5.6545480967273365,0.001,0.4517829120159149,0.027279376983642578,5.219022750854492,72838.90688528029,415.27099609375
70,3.907761812210083,3.907761812210083,0.38895416259765625,0.38895416259765625,49.787393639192885,5.6377085874507555,0.001,0.4799357056617737,0.01905655860900879,5.291656970977783,89313.082961128,415.27099609375
71,3.9020559787750244,3.9020559787750244,0.3896103799343109,0.3896103799343109,49.504123977199036,5.629476809849858,0.001,0.47480452060699463,0.024062395095825195,5.36656379699707,70400.30692098093,415.27099609375
72,3.88596510887146,3.88596510887146,0.3712433874607086,0.3712433874607086,48.71393402974811,5.606262591636396,0.001,0.48046091198921204,0.02740788459777832,5.449711799621582,61916.48953956697,415.27099609375
73,3.8884966373443604,3.8884966373443604,0.37529000639915466,0.37529000639915466,48.837410967520036,5.609914815210119,0.001,0.48200827836990356,0.01918935775756836,5.5226662158966064,89841.46430435107,415.27099609375
74,3.8845584392547607,3.8845584392547607,0.351595014333725,0.351595014333725,48.6454577918515,5.6042331963562155,0.001,0.498060941696167,0.02704000473022461,5.599045038223267,53328.39303789655,415.27099609375
75,3.8720922470092773,3.8720922470092773,0.37442129850387573,0.37442129850387573,48.042798401774014,5.586248282624887,0.001,0.4892583191394806,0.023630380630493164,5.679494619369507,73126.20253649875,415.27099609375
76,3.8604445457458496,3.8604445457458496,0.39224570989608765,0.39224570989608765,47.48645657964808,5.569444201774385,0.001,0.5134947299957275,0.026702165603637695,5.762067556381226,74375.98992830166,415.27099609375
77,3.84006404876709,3.84006404876709,0.40517693758010864,0.40517693758010864,46.52845443449682,5.5400413598522755,0.001,0.5394678711891174,0.01903367042541504,5.835036277770996,99455.33140430649,415.27099609375
78,3.8502509593963623,3.8502509593963623,0.3804475963115692,0.3804475963115692,47.00485806231099,5.554737965299106,0.001,0.5197863578796387,0.025589942932128906,5.914435386657715,66354.19252413073,415.27099609375
79,3.8402504920959473,3.8402504920959473,0.3768197298049927,0.3768197298049927,46.53713016316892,5.540310340718225,0.001,0.5336461663246155,0.018983840942382812,5.988917589187622,94080.01286044408,415.27099609375
80,3.825956106185913,3.825956106185913,0.39454546570777893,0.39454546570777893,45.87664234573548,5.519687901053265,0.001,0.5496586561203003,0.02653670310974121,6.068305969238281,62178.0329371176,415.27099609375
81,3.8237524032592773,3.8237524032592773,0.38313525915145874,0.38313525915145874,45.77565516847173,5.516508629769415,0.001,0.5341053605079651,0.01921558380126953,6.14203143119812,91956.61283438384,415.27099609375
82,3.809140920639038,3.809140920639038,0.39225053787231445,0.39225053787231445,45.11166771228389,5.495428716253161,0.001,0.5428204536437988,0.027657032012939453,6.223252773284912,68120.10772228065,415.27099609375
83,3.8072867393493652,3.8072867393493652,0.4066326320171356,0.4066326320171356,45.02810000085138,5.492753698101641,0.001,0.5550075173377991,0.018996715545654297,6.29916524887085,103175.73031451592,415.27099609375
84,3.800244092941284,3.800244092941284,0.37974685430526733,0.37974685430526733,44.71209706868981,5.482593307053968,0.001,0.5539875030517578,0.02819967269897461,6.382326126098633,64433.37195420957,415.27099609375
85,3.783616781234741,3.783616781234741,0.4114114046096802,0.4114114046096802,43.974801700071076,5.458605166911624,0.001,0.5549272298812866,0.01898932456970215,6.457556962966919,105217.0124675129,415.27099609375
86,3.785036325454712,3.785036325454712,0.3936651647090912,0.3936651647090912,44.03727020356025,5.460653136318098,0.001,0.555759072303772,0.02679753303527832,6.539399147033691,65976.22242586546,415.27099609375
87,3.7785048484802246,3.7785048484802246,0.3984168767929077,0.3984168767929077,43.75057906468345,5.451230206877324,0.001,0.562481164932251,0.01920151710510254,6.613939523696899,98690.1185790382,415.27099609375
88,3.761913299560547,3.761913299560547,0.40576496720314026,0.40576496720314026,43.030677844451894,5.427293661530238,0.001,0.5847741961479187,0.028569698333740234,6.700505018234253,63143.82388383543,415.27099609375
89,3.7608208656311035,3.7608208656311035,0.39767318964004517,0.39767318964004517,42.98369533928149,5.425717612517732,0.001,0.5776383876800537,0.029083728790283203,6.786541700363159,65019.173216598625,415.27099609375
90,3.7504630088806152,3.7504630088806152,0.39255815744400024,0.39255815744400024,42.54077419712144,5.410774383949564,0.001,0.5766161680221558,0.02758049964904785,6.873230934143066,77953.62764844703,415.27099609375
91,3.752093553543091,3.752093553543091,0.375893771648407,0.375893771648407,42.610195411240504,5.413126762648066,0.001,0.5762554407119751,0.030356645584106445,6.961913108825684,64499.88008639309,415.27099609375
92,3.734783887863159,3.734783887863159,0.3964012861251831,0.3964012861251831,41.87897403049849,5.388154193812182,0.001,0.5919417142868042,0.01950526237487793,7.0369603633880615,94025.90771412157,415.27099609375
93,3.7435925006866455,3.7435925006866455,0.3760683536529541,0.3760683536529541,42.24949920879427,5.400862335849737,0.001,0.5934364199638367,0.027393579483032227,7.1203224658966064,64066.107209065514,415.27099609375
94,3.7174742221832275,3.7174742221832275,0.4100877344608307,0.4100877344608307,41.16030093080739,5.363181624976299,0.001,0.6187735795974731,0.019229888916015625,7.195106267929077,94852.34199563578,415.27099609375
95,3.7040109634399414,3.7040109634399414,0.42051857709884644,0.42051857709884644,40.60986280916359,5.343758248353155,0.001,0.6210987567901611,0.02755904197692871,7.278500556945801,64370.88783728837,415.27099609375
96,3.7058815956115723,3.7058815956115723,0.3774900436401367,0.3774900436401367,40.68590002167505,5.346457000110495,0.001,0.6096866726875305,0.01903843879699707,7.3569722175598145,105470.83305573992,415.27099609375
97,3.7052807807922363,3.7052807807922363,0.38971906900405884,0.38971906900405884,40.66146267190007,5.345590207550146,0.001,0.6163788437843323,0.027713775634765625,7.439476013183594,60367.09043358568,415.27099609375
98,3.6894755363464355,3.6894755363464355,0.39763781428337097,0.39763781428337097,40.023850396992714,5.322788059768151,0.001,0.6332013607025146,0.019052982330322266,7.517228364944458,93318.72402833046,415.27099609375
99,3.675382137298584,3.675382137298584,0.4270000159740448,0.4270000159740448,39.46373454105391,5.302455582852547,0.001,0.6479567885398865,0.026581525802612305,7.600164175033569,75240.2256684396,415.27099609375
100,3.6704347133636475,3.6704347133636475,0.401159405708313,0.401159405708313,39.26897289769645,5.2953179588764385,0.001,0.6547557711601257,0.019736289978027344,7.6752448081970215,87402.44503503262,415.27099609375
101,3.6642885208129883,3.6642885208129883,0.39476335048675537,0.39476335048675537,39.028358417909764,5.2864508773632535,0.001,0.6524450778961182,0.01995992660522461,7.752163410186768,99499.36386440192,415.27099609375
102,3.6661951541900635,3.6661951541900635,0.3746071755886078,0.3746071755886078,39.102842172764404,5.289201567881153,0.001,0.6399924159049988,0.029062986373901367,7.836195707321167,54743.169870138394,415.27099609375
103,3.6534225940704346,3.6534225940704346,0.4026418626308441,0.4026418626308441,38.60657481923429,5.270774658737109,0.001,0.6590078473091125,0.02805614471435547,7.9227800369262695,72853.91563275435,415.27099609375
104,3.6433544158935547,3.6433544158935547,0.38320210576057434,0.38320210576057434,38.21982713444309,5.256249348010537,0.001,0.6722962260246277,0.022497892379760742,8.005804300308228,84674.59830653964,415.27099609375
105,3.6278345584869385,3.6278345584869385,0.40660592913627625,0.40660592913627625,37.63124007499686,5.233858926694708,0.001,0.6776033043861389,0.029338598251342773,8.094655752182007,59852.89361667547,415.27099609375
106,3.6377406120300293,3.6377406120300293,0.37666088342666626,0.37666088342666626,38.005869640816556,5.248150341016106,0.001,0.665681779384613,0.019380807876586914,8.171433925628662,89315.16224827468,415.27099609375
107,3.6195902824401855,3.6195902824401855,0.4069192707538605,0.4069192707538605,37.32227309834859,5.221964950526338,0.001,0.7024447917938232,0.028939008712768555,8.258683443069458,62925.44496164905,415.27099609375
108,3.6130969524383545,3.6130969524383545,0.38700059056282043,0.38700059056282043,37.08071237818815,5.212597055533841,0.001,0.6897832751274109,0.019153833389282227,8.333411693572998,87554.27521565405,415.27099609375
109,3.603304386138916,3.603304386138916,0.4129273593425751,0.4129273593425751,36.71936917001564,5.198469368696065,0.001,0.7053862810134888,0.02608966827392578,8.41849422454834,71752.54128742186,415.27099609375
110,3.606055974960327,3.606055974960327,0.3736874759197235,0.3736874759197235,36.82054490893374,5.20243907224328,0.001,0.6960656642913818,0.025358200073242188,8.501537561416626,63845.22542309139,415.27099609375
111,3.5757503509521484,3.5757503509521484,0.425651490688324,0.425651490688324,35.721414359394885,5.158717298775636,0.001,0.7186389565467834,0.033647775650024414,8.597115278244019,58161.34832670819,415.27099609375
112,3.565805196762085,3.565805196762085,0.42802613973617554,0.42802613973617554,35.36792007683294,5.144369474144755,0.001,0.7346256375312805,0.0191802978515625,8.672764539718628,95618.95306284806,415.27099609375
113,3.563260316848755,3.563260316848755,0.43867456912994385,0.43867456912994385,35.278027399003406,5.140697988514136,0.001,0.7214434146881104,0.025623798370361328,8.75687837600708,78911.01743677541,415.27099609375
114,3.5662522315979004,3.5662522315979004,0.4009983241558075,0.4009983241558075,35.383734303669414,5.14501440908549,0.001,0.7246710062026978,0.02826666831970215,8.845977544784546,63785.37362832008,415.27099609375
115,3.557962417602539,3.557962417602539,0.42125341296195984,0.42125341296195984,35.091622178274946,5.133054735544491,0.001,0.7449689507484436,0.0191495418548584,8.925142526626587,95824.74682204709,415.27099609375
116,3.5549159049987793,3.5549159049987793,0.3836905360221863,0.3836905360221863,34.98487779064361,5.128659546919041,0.001,0.7250052690505981,0.02770233154296875,9.012319803237915,69055.55935004131,415.27099609375
117,3.5516555309295654,3.5516555309295654,0.39516958594322205,0.39516958594322205,34.87099974567014,5.123955821417943,0.001,0.7586243152618408,0.01975560188293457,9.091756820678711,98503.70601368557,415.27099609375
118,3.531235933303833,3.531235933303833,0.4124748408794403,0.4124748408794403,34.166168636240364,5.09449656918635,0.001,0.7504173517227173,0.027135848999023438,9.179226160049438,73261.02087579954,415.27099609375
119,3.516437292098999,3.516437292098999,0.45269209146499634,0.45269209146499634,33.66427857020569,5.073146642908242,0.001,0.7622517347335815,0.030198335647583008,9.27355432510376,63347.8620254064,415.27099609375
120,3.5221107006073,3.5221107006073,0.3984547555446625,0.3984547555446625,33.855812586279065,5.081331641228104,0.001,0.7441122531890869,0.019372224807739258,9.353051662445068,93535.97833926132,415.27099609375
121,3.5285730361938477,3.5285730361938477,0.38061127066612244,0.38061127066612244,34.075308673576465,5.090654820731377,0.001,0.7536206841468811,0.02515554428100586,9.439309120178223,83242.08677850441,415.27099609375
122,3.514479875564575,3.514479875564575,0.3988269865512848,0.3988269865512848,33.5984480046507,5.070322687781074,0.001,0.757412850856781,0.02896285057067871,9.526848793029785,58868.514887346784,415.27099609375
123,3.519296407699585,3.519296407699585,0.3712736964225769,0.3712736964225769,33.76066636050521,5.077271474806535,0.001,0.7542471885681152,0.01918196678161621,9.604532241821289,96184.08899384749,415.27099609375
124,3.470216751098633,3.470216751098633,0.43669527769088745,0.43669527769088745,32.14370887394785,5.006464497619808,0.001,0.8069369196891785,0.02771282196044922,9.692688703536987,67261.28442134967,415.27099609375
125,3.485555648803711,3.485555648803711,0.38914549350738525,0.38914549350738525,32.64055875940535,5.028593849271627,0.001,0.7918049693107605,0.019162416458129883,9.768574237823486,90385.26032374056,415.27099609375
126,3.475827932357788,3.475827932357788,0.4029443562030792,0.4029443562030792,32.324580026626414,5.01455972099592,0.001,0.7833572030067444,0.02683711051940918,9.855614185333252,68338.2064799268,415.27099609375
127,3.45499324798584,3.45499324798584,0.41173088550567627,0.41173088550567627,31.658074925783023,4.9845016251740235,0.001,0.8224910497665405,0.019162893295288086,9.932628154754639,90748.30054121306,415.27099609375
128,3.464353084564209,3.464353084564209,0.39882543683052063,0.39882543683052063,31.95578039734624,4.998005014989168,0.001,0.8106518387794495,0.027167797088623047,10.019087553024292,68941.91655989469,415.27099609375
129,3.441701650619507,3.441701650619507,0.41708824038505554,0.41708824038505554,31.240072653328678,4.9653259035681225,0.001,0.8258010149002075,0.01925349235534668,10.098317384719849,92398.82132375705,415.27099609375
130,3.4474003314971924,3.4474003314971924,0.41437530517578125,0.41437530517578125,31.41860808303463,4.973547362209968,0.001,0.8195222020149231,0.025563716888427734,10.185011863708496,81091.49420827815,415.27099609375
131,3.4236483573913574,3.4236483573913574,0.41056686639785767,0.41056686639785767,30.68114686721115,4.939280506956157,0.001,0.8429982662200928,0.03068089485168457,10.274613857269287,59222.52296693476,415.27099609375
132,3.42792010307312,3.42792010307312,0.396245539188385,0.396245539188385,30.812489254765257,4.945443333267175,0.001,0.8230719566345215,0.02666640281677246,10.362754821777344,73913.23132493495,415.27099609375
133,3.4132890701293945,3.4132890701293945,0.40724268555641174,0.40724268555641174,30.364952654317236,4.924335214596179,0.001,0.8387772440910339,0.027064800262451172,10.448488712310791,58156.71960393946,415.27099609375
134,3.3931033611297607,3.3931033611297607,0.4207492768764496,0.4207492768764496,29.75815943558549,4.895213392325579,0.001,0.8791553974151611,0.029148340225219727,10.537263631820679,59523.11475007566,415.27099609375
135,3.39333438873291,3.39333438873291,0.4098901152610779,0.4098901152610779,29.765035186047523,4.895546694702952,0.001,0.860127329826355,0.02031993865966797,10.617636442184448,89567.1995118975,415.27099609375
136,3.3884451389312744,3.3884451389312744,0.3971559405326843,0.3971559405326843,29.619861677636813,4.888492998260465,0.001,0.9198269844055176,0.026864051818847656,10.707545042037964,73294.97475948738,415.27099609375
137,3.372390031814575,3.372390031814575,0.4067796468734741,0.4067796468734741,29.148108780729597,4.865330374842261,0.001,0.8986783027648926,0.028079748153686523,10.79467487335205,60933.59493950329,415.27099609375
138,3.350433349609375,3.350433349609375,0.43659618496894836,0.43659618496894836,28.515087968935582,4.833653578310444,0.001,0.9121284484863281,0.026419878005981445,10.883248329162598,68054.81840578272,415.27099609375
139,3.34768009185791,3.34768009185791,0.40590405464172363,0.40590405464172363,28.43668656111965,4.829681467006116,0.001,0.894376814365387,0.03246259689331055,10.977144479751587,50088.414224650776,415.27099609375
140,3.3334879875183105,3.3334879875183105,0.41173088550567627,0.41173088550567627,28.035960437874103,4.809206588455598,0.001,0.9219347238540649,0.028560638427734375,11.064057111740112,60887.99465740617,415.27099609375
141,3.359445571899414,3.359445571899414,0.37987011671066284,0.37987011671066284,28.773233766770627,4.8466554667156725,0.001,0.917957603931427,0.02812361717224121,11.152758836746216,65709.89743894065,415.27099609375
142,3.3504672050476074,3.3504672050476074,0.3809773921966553,0.3809773921966553,28.516053376077053,4.833702421383289,0.001,0.8845751881599426,0.02831578254699707,11.243833541870117,67206.33614280302,415.27099609375
143,3.3360354900360107,3.3360354900360107,0.3862224519252777,0.3862224519252777,28.107473168431213,4.812881857704536,0.001,0.9444473385810852,0.03072500228881836,11.33844518661499,57640.35372080391,415.27099609375
144,3.334750175476074,3.334750175476074,0.3796004056930542,0.3796004056930542,28.071369431224735,4.811027540762933,0.001,0.9235191941261292,0.029424667358398438,11.426537275314331,64639.64322292085,415.27099609375
145,3.3041489124298096,3.3041489124298096,0.4117324650287628,0.4117324650287628,27.225360559691183,4.766879250321148,0.001,0.9639591574668884,0.027520418167114258,11.514388799667358,66278.06267055939,415.27099609375
146,3.3099381923675537,3.3099381923675537,0.3686333894729614,0.3686333894729614,27.38343291444058,4.775231415777649,0.001,1.0854142904281616,0.02948904037475586,11.607558250427246,67245.32147534887,415.27099609375
147,3.289691925048828,3.289691925048828,0.4287109375,0.4287109375,26.83459531568811,4.746022226320412,0.001,0.9959844350814819,0.032836198806762695,11.705707311630249,62370.1912652024,415.27099609375
148,3.282438278198242,3.282438278198242,0.39173638820648193,0.39173638820648193,26.64065089044549,4.735557425980712,0.001,1.0265569686889648,0.032082319259643555,11.800751447677612,59596.68889665064,415.27099609375
149,3.2828664779663086,3.2828664779663086,0.3866967260837555,0.3866967260837555,26.65206085367538,4.736175187662611,0.001,0.9555184841156006,0.02884984016418457,11.888858079910278,61490.808611214416,415.27099609375
150,3.2719099521636963,3.2719099521636963,0.38457658886909485,0.38457658886909485,26.36164076413684,4.72036826222181,0.001,0.9770284295082092,0.032137155532836914,11.986690998077393,61735.395280170334,415.27099609375
151,3.240562915802002,3.240562915802002,0.3966630697250366,0.3966630697250366,25.548099129055053,4.675144048316228,0.001,0.9698108434677124,0.027534008026123047,12.072706699371338,67480.1866200232,415.27099609375
152,3.229840040206909,3.229840040206909,0.4104199707508087,0.4104199707508087,25.27561356566417,4.6596742088711185,0.001,1.0139331817626953,0.029679536819458008,12.167505502700806,63376.99983130498,415.27099609375
153,3.222954034805298,3.222954034805298,0.4115612804889679,0.4115612804889679,25.10216342878593,4.649739803026679,0.001,0.998963475227356,0.03016042709350586,12.263607740402222,67107.80300706708,415.27099609375
154,3.2205913066864014,3.2205913066864014,0.42019179463386536,0.42019179463386536,25.04292385247262,4.646331106886578,0.001,0.9891656637191772,0.027043581008911133,12.347572326660156,65560.84415801955,415.27099609375
155,3.2048816680908203,3.2048816680908203,0.39908021688461304,0.39908021688461304,24.6525826566793,4.6236668891905754,0.001,1.006378173828125,0.028987407684326172,12.442757606506348,67512.07356352091,415.27099609375
156,3.2033894062042236,3.2033894062042236,0.40909090638160706,0.40909090638160706,24.615821982272927,4.621514010367075,0.001,1.0040711164474487,0.02910590171813965,12.533461809158325,63492.27788563143,415.27099609375
157,3.1958224773406982,3.1958224773406982,0.39629408717155457,0.39629408717155457,24.43025876566616,4.610597239620907,0.001,1.0243295431137085,0.02722454071044922,12.620362758636475,61451.909062248225,415.27099609375
158,3.184819221496582,3.184819221496582,0.39039909839630127,0.39039909839630127,24.162919874495593,4.594722896980969,0.001,1.0132547616958618,0.02860403060913086,12.711061716079712,60446.02677246737,415.27099609375
159,3.1826043128967285,3.1826043128967285,0.40248024463653564,0.40248024463653564,24.10946044120247,4.591527459327938,0.001,1.0467851161956787,0.03240704536437988,12.806640386581421,54741.18297590583,415.27099609375
160,3.166440010070801,3.166440010070801,0.4054360091686249,0.4054360091686249,23.722880635429867,4.568207299801544,0.001,1.0283432006835938,0.029152393341064453,12.89604902267456,60578.21666094182,415.27099609375
161,3.172683000564575,3.172683000564575,0.3830925524234772,0.3830925524234772,23.871445616077246,4.577214031227229,0.001,1.035922884941101,0.028802156448364258,12.987315893173218,64890.974512644345,415.27099609375
162,3.147491455078125,3.147491455078125,0.40716448426246643,0.40716448426246643,23.27759837784974,4.540870313481599,0.001,1.0504274368286133,0.027718544006347656,13.079030752182007,71504.4772750731,415.27099609375
163,3.14170241355896,3.14170241355896,0.42925789952278137,0.42925789952278137,23.143232693885103,4.532518491990399,0.001,1.0934655666351318,0.025969743728637695,13.167617082595825,72122.39056231352,415.27099609375
164,3.129697561264038,3.129697561264038,0.39247310161590576,0.39247310161590576,22.8670626110083,4.515199151117911,0.001,1.0705393552780151,0.02750992774963379,13.25906229019165,60850.75959613468,415.27099609375
165,3.1387877464294434,3.1387877464294434,0.37006238102912903,0.37006238102912903,23.075876083015768,4.528313516176803,0.001,1.2123823165893555,0.0274200439453125,13.351386547088623,70167.64830272677,415.27099609375
166,3.133002281188965,3.133002281188965,0.38195571303367615,0.38195571303367615,22.94275685369029,4.519966854165129,0.001,1.0644336938858032,0.026937484741210938,13.44499397277832,68714.6560928981,415.27099609375
167,3.132639169692993,3.132639169692993,0.3888024687767029,0.3888024687767029,22.93442758724515,4.519442995010602,0.001,1.0669294595718384,0.02736663818359375,13.53626298904419,70487.28408140507,415.27099609375
168,3.1052510738372803,3.1052510738372803,0.4065762162208557,0.4065762162208557,22.314820939714604,4.479930324940173,0.001,1.1821551322937012,0.030646562576293945,13.633888006210327,62519.246497226566,415.27099609375
169,3.0879833698272705,3.0879833698272705,0.39942026138305664,0.39942026138305664,21.932802995344552,4.4550182939973935,0.001,1.107012152671814,0.027240753173828125,13.721244812011719,63324.24030247865,415.27099609375
170,3.094801902770996,3.094801902770996,0.3827666938304901,0.3827666938304901,22.08286355014573,4.4648553576614445,0.001,1.0752861499786377,0.019741535186767578,13.80398178100586,86416.78490857709,415.27099609375
171,3.072099447250366,3.072099447250366,0.3940886855125427,0.3940886855125427,21.587176271475634,4.432102637665829,0.001,1.1160320043563843,0.029787063598632812,13.8990478515625,61335.35096369341,415.27099609375
172,3.0764904022216797,3.0764904022216797,0.39540231227874756,0.39540231227874756,21.682173000990478,4.4384374466277094,0.001,1.1450304985046387,0.03244781494140625,13.995784521102905,53624.566188572775,415.27099609375
173,3.048698663711548,3.048698663711548,0.4048865735530853,0.4048865735530853,21.08788413001325,4.39834244330146,0.001,1.1293141841888428,0.029684782028198242,14.086743831634521,57908.45957255415,415.27099609375
174,3.061924695968628,3.061924695968628,0.3807106614112854,0.3807106614112854,21.368645754156915,4.417423574449387,0.001,1.102698802947998,0.02266716957092285,14.172756671905518,69527.86915317703,415.27099609375
175,3.034992218017578,3.034992218017578,0.4107884168624878,0.4107884168624878,20.800816027261167,4.378568222070556,0.001,1.186408519744873,0.029841899871826172,14.268240213394165,64607.14660530815,415.27099609375
176,3.041067600250244,3.041067600250244,0.4103529453277588,0.4103529453277588,20.927573595830353,4.387333145889128,0.001,1.1533393859863281,0.020437240600585938,14.357406854629517,103976.85487634157,415.27099609375
177,3.033874750137329,3.033874750137329,0.39685314893722534,0.39685314893722534,20.777584765979356,4.376956056701368,0.001,1.2972134351730347,0.027495861053466797,14.448756694793701,62409.393059674316,415.27099609375
178,3.031367063522339,3.031367063522339,0.3732360005378723,0.3732360005378723,20.725546370034625,4.373338229657818,0.001,1.2165511846542358,0.028023719787597656,14.546056509017944,73330.73608984175,415.27099609375
179,3.019120931625366,3.019120931625366,0.3749319016933441,0.3749319016933441,20.47328635283614,4.355670795899983,0.001,1.1345447301864624,0.019194364547729492,14.628738403320312,95600.97680946998,415.27099609375
180,3.0016469955444336,3.0016469955444336,0.3840503394603729,0.3840503394603729,20.11864496992639,4.330461234971211,0.001,1.2374132871627808,0.027002573013305664,14.719930171966553,70585.86598620836,415.27099609375
181,2.9714949131011963,2.9714949131011963,0.39436620473861694,0.39436620473861694,19.521080112791385,4.286960975157878,0.001,1.2287709712982178,0.01926136016845703,14.803863525390625,92153.40892211715,415.27099609375
182,2.975433588027954,2.975433588027954,0.38347578048706055,0.38347578048706055,19.59811891738597,4.292643281942384,0.001,1.175235629081726,0.02537059783935547,14.892983436584473,69174.56226741345,415.27099609375
183,2.9914424419403076,2.9914424419403076,0.37266111373901367,0.37266111373901367,19.914387131413402,4.315739176092053,0.001,1.1955580711364746,0.01916646957397461,14.978272676467896,100383.64095036696,415.27099609375
184,2.955371379852295,2.955371379852295,0.3894979655742645,0.3894979655742645,19.20885517712415,4.263699633698079,0.001,1.181326985359192,0.02795720100402832,15.068109512329102,61987.60740570181,415.27099609375
185,2.952746629714966,2.952746629714966,0.40198785066604614,0.40198785066604614,19.15850284191718,4.259912919691382,0.001,1.1804578304290771,0.019580841064453125,15.154991388320923,92488.36625754919,415.27099609375
186,2.952136993408203,2.952136993408203,0.37189581990242004,0.37189581990242004,19.14682668246852,4.259033400414869,0.001,1.2150906324386597,0.030088424682617188,15.247122049331665,54871.599873217114,415.27099609375
187,2.9212303161621094,2.9212303161621094,0.3941717743873596,0.3941717743873596,18.564113143899746,4.214444490421574,0.001,1.2450344562530518,0.020330429077148438,15.33519172668457,96210.46327047565,415.27099609375
188,2.9410486221313477,2.9410486221313477,0.3785046637058258,0.3785046637058258,18.935692290978928,4.243036262162215,0.001,1.1918973922729492,0.029694557189941406,15.42782473564148,57653.66323024055,415.27099609375
189,2.9389753341674805,2.9389753341674805,0.36099138855934143,0.36099138855934143,18.896473817707307,4.240045139898409,0.001,1.1843912601470947,0.01913738250732422,15.511627435684204,96982.9598843873,415.27099609375
190,2.935579538345337,2.935579538345337,0.3564889430999756,0.3564889430999756,18.832414079318234,4.235146042105931,0.001,1.2962863445281982,0.029491424560546875,15.607442617416382,62967.45673263485,415.27099609375
191,2.904625654220581,2.904625654220581,0.3888319432735443,0.3888319432735443,18.25840741497603,4.190489026982894,0.001,1.3694484233856201,0.01917862892150879,15.691297054290771,101779.95559478375,415.27099609375
192,2.882098436355591,2.882098436355591,0.3957754373550415,0.3957754373550415,17.85169454754832,4.1579891214840465,0.001,1.2541269063949585,0.02904987335205078,15.78687834739685,61927.98082794393,415.27099609375
193,2.9287657737731934,2.9287657737731934,0.36194029450416565,0.36194029450416565,18.70453062211585,4.225315857747914,0.001,1.2963157892227173,0.01917409896850586,15.869569063186646,97840.32110616498,415.27099609375
194,2.8912882804870605,2.8912882804870605,0.3661894202232361,0.3661894202232361,18.016504969069267,4.171247264039061,0.001,1.242773175239563,0.02510523796081543,15.962542295455933,72335.5023694432,415.27099609375
195,2.8652045726776123,2.8652045726776123,0.3907615542411804,0.3907615542411804,17.552643628629024,4.133616428134373,0.001,1.252403736114502,0.028166770935058594,16.05312752723694,56875.52910106653,415.27099609375
196,2.856067419052124,2.856067419052124,0.4018546938896179,0.4018546938896179,17.392992914547335,4.1204343019110405,0.001,1.311975121498108,0.01923346519470215,16.13911271095276,100917.85231371869,415.27099609375
197,2.8434324264526367,2.8434324264526367,0.40115365386009216,0.40115365386009216,17.17461508412536,4.102205860746091,0.001,1.2354766130447388,0.025799274444580078,16.230992794036865,73916.80739303207,415.27099609375
198,2.8290348052978516,2.8290348052978516,0.41143500804901123,0.41143500804901123,16.929113046191368,4.081434484105484,0.001,1.2556543350219727,0.02307724952697754,16.32057499885559,77305.57308896305,415.27099609375
199,2.8299951553344727,2.8299951553344727,0.39470720291137695,0.39470720291137695,16.945378729649978,4.0828199763408355,0.001,1.2848435640335083,0.029562711715698242,16.415889978408813,60075.67969676197,415.27099609375
200,2.8309810161590576,2.8309810161590576,0.3753717839717865,0.3753717839717865,16.96209275219359,4.084242272863471,0.001,1.2727724313735962,0.029305219650268555,16.51212787628174,57361.7949314567,415.27099609375
201,2.825573444366455,2.825573444366455,0.395844429731369,0.395844429731369,16.870616572797836,4.076440795855032,0.001,1.2548633813858032,0.019182682037353516,16.59684157371521,97848.67394168385,415.27099609375
202,2.824179172515869,2.824179172515869,0.3993123769760132,0.3993123769760132,16.847110737578475,4.074429286770541,0.001,1.326912522315979,0.025763988494873047,16.689002513885498,79025.03140789547,415.27099609375
203,2.8088150024414062,2.8088150024414062,0.3996664881706238,0.3996664881706238,16.590247163627037,4.052263474796739,0.001,1.2741740942001343,0.019575834274291992,16.774752140045166,91899.02074122791,415.27099609375
204,2.7877073287963867,2.7877073287963867,0.4084033668041229,0.4084033668041229,16.243735533139517,4.021811538704366,0.001,1.370043158531189,0.026340246200561523,16.866018056869507,67767.0203387069,415.27099609375
205,2.812941551208496,2.812941551208496,0.3896103799343109,0.3896103799343109,16.658849074823454,4.058216826239006,0.001,1.294328212738037,0.01920485496520996,16.95332384109497,104244.47378679346,415.27099609375
206,2.776442527770996,2.776442527770996,0.415820449590683,0.415820449590683,16.061779855812553,4.005559866128435,0.001,1.2740541696548462,0.025549650192260742,17.04353404045105,73229.96541716823,415.27099609375
207,2.7513511180877686,2.7513511180877686,0.40866291522979736,0.40866291522979736,15.663781211469143,3.9693606138095285,0.001,1.3040976524353027,0.03235435485839844,17.142463445663452,49236.03041914756,415.27099609375
208,2.758314371109009,2.758314371109009,0.39605048298835754,0.39605048298835754,15.773232710307369,3.979406464411727,0.001,1.3058161735534668,0.01927042007446289,17.225663900375366,94600.94761586619,415.27099609375
209,2.7690176963806152,2.7690176963806152,0.3675772249698639,0.3675772249698639,15.9429654827311,3.994848098702095,0.001,1.284996747970581,0.03009796142578125,17.323729276657104,55950.633206590624,415.27099609375
210,2.7516205310821533,2.7516205310821533,0.4043872356414795,0.4043872356414795,15.668001806184714,3.9697492946004784,0.001,1.2899008989334106,0.02057337760925293,17.414344549179077,101927.84285730841,415.27099609375
211,2.727614164352417,2.727614164352417,0.3785545229911804,0.3785545229911804,15.296348875809983,3.935115428369726,0.001,1.3134323358535767,0.024557828903198242,17.502737522125244,68735.7179111288,415.27099609375
212,2.72338604927063,2.72338604927063,0.39467594027519226,0.39467594027519226,15.231810686024195,3.929015547708924,0.001,1.2878618240356445,0.033342599868774414,17.60470724105835,51825.5926892577,415.27099609375
213,2.7266268730163574,2.7266268730163574,0.3765541911125183,0.3765541911125183,15.28125437565227,3.93369106805528,0.001,1.295507550239563,0.01926255226135254,17.687875032424927,87683.08462366789,415.27099609375
214,2.728360891342163,2.728360891342163,0.3868436813354492,0.3868436813354492,15.307775338053048,3.936192727694731,0.001,1.3068393468856812,0.030066490173339844,17.784600257873535,55111.18825134012,415.27099609375
215,2.723822832107544,2.723822832107544,0.38396623730659485,0.38396623730659485,15.238465132675223,3.9296456921416856,0.001,1.300804853439331,0.01959395408630371,17.87129306793213,96764.5423506078,415.27099609375
216,2.6995742321014404,2.6995742321014404,0.38718080520629883,0.38718080520629883,14.873397761260078,3.8946623571643797,0.001,1.328444480895996,0.025450944900512695,17.96517586708069,75399.95106277343,415.27099609375
217,2.6890459060668945,2.6890459060668945,0.3871898353099823,0.3871898353099823,14.717627220777665,3.8794731934054782,0.001,1.3231860399246216,0.02779674530029297,18.060466051101685,62345.42862044121,415.27099609375
218,2.671304225921631,2.671304225921631,0.3889184892177582,0.3889184892177582,14.458814461504332,3.853877359442868,0.001,1.3283454179763794,0.01929759979248047,18.147588968276978,97265.98230788238,415.27099609375
219,2.6647531986236572,2.6647531986236572,0.41893425583839417,0.41893425583839417,14.364403953820087,3.8444262248473535,0.001,1.3455172777175903,0.02774977684020996,18.24078893661499,63568.078768976986,415.27099609375
220,2.6445465087890625,2.6445465087890625,0.4174516797065735,0.4174516797065735,14.077059812500977,3.815274133630202,0.001,1.3573793172836304,0.019205808639526367,18.330806493759155,105020.31119111166,415.27099609375
221,2.664031982421875,2.664031982421875,0.37862515449523926,0.37862515449523926,14.35404784790423,3.8433857298096332,0.001,1.3722697496414185,0.02751898765563965,18.423670053482056,67662.37273333738,415.27099609375
222,2.6381657123565674,2.6381657123565674,0.4213399589061737,0.4213399589061737,13.987522921594133,3.8060685902601192,0.001,1.4202245473861694,0.025351524353027344,18.52069902420044,79482.40003009442,415.27099609375
223,2.647547721862793,2.647547721862793,0.395984411239624,0.395984411239624,14.11937152993025,3.819603968848324,0.001,1.3406627178192139,0.019728422164916992,18.607492446899414,90884.1054298041,415.27099609375
224,2.6209518909454346,2.6209518909454346,0.42392390966415405,0.42392390966415405,13.748804720907197,3.78123429547553,0.001,1.4275965690612793,0.027951955795288086,18.70361566543579,71479.7924922594,415.27099609375
225,2.604555368423462,2.604555368423462,0.4206980764865875,0.4206980764865875,13.525210230053519,3.7575791137452557,0.001,1.3889904022216797,0.02664041519165039,18.796045541763306,61297.843455225615,415.27099609375
226,2.6427714824676514,2.6427714824676514,0.40092402696609497,0.40092402696609497,14.052094824116262,3.8127133119588548,0.001,1.3475738763809204,0.030752897262573242,18.897966623306274,63343.625264561546,415.27099609375
227,2.610229730606079,2.610229730606079,0.4137515127658844,0.4137515127658844,13.602175328905481,3.765765487926325,0.001,1.3981612920761108,0.01960468292236328,18.983449697494507,84571.63049083037,415.27099609375
228,2.597320318222046,2.597320318222046,0.4134780168533325,0.4134780168533325,13.42770779787127,3.74714114269909,0.001,1.3647761344909668,0.02416253089904785,19.075125217437744,72467.57416744782,415.27099609375
229,2.604339361190796,2.604339361190796,0.4073416292667389,0.4073416292667389,13.522289002335016,3.7572674811818922,0.001,1.3720136880874634,0.03133726119995117,19.175902843475342,53897.49886638567,415.27099609375
230,2.594163417816162,2.594163417816162,0.4107053577899933,0.4107053577899933,13.385384701723183,3.742586698138941,0.001,1.3922852277755737,0.019326210021972656,19.263663291931152,103434.66192943498,415.27099609375
231,2.580991268157959,2.580991268157959,0.39846062660217285,0.39846062660217285,13.210226548472013,3.7235833031492045,0.001,1.3932660818099976,0.025876760482788086,19.357640981674194,65270.92141705441,415.27099609375
232,2.5585427284240723,2.5585427284240723,0.4135338366031647,0.4135338366031647,12.916980045500475,3.6911969061999272,0.001,1.499047875404358,0.03366422653198242,19.45938014984131,47409.37679003952,415.27099609375
233,2.5638246536254883,2.5638246536254883,0.42533692717552185,0.42533692717552185,12.985387069281384,3.6988171134943566,0.001,1.3807108402252197,0.019242525100708008,19.543007135391235,96401.06952136688,415.27099609375
234,2.566248893737793,2.566248893737793,0.401723176240921,0.401723176240921,13.016904953512418,3.7023145526823025,0.001,1.374426245689392,0.02745676040649414,19.639593839645386,67633.61636650978,415.27099609375
235,2.5557730197906494,2.5557730197906494,0.39229846000671387,0.39229846000671387,12.881253273564226,3.6872010612897808,0.001,1.3824280500411987,0.030021190643310547,19.739141941070557,55360.89556695627,415.27099609375
236,2.556892156600952,2.556892156600952,0.3907284736633301,0.3907284736633301,12.895677227949195,3.6888156344160805,0.001,1.3819018602371216,0.019290924072265625,19.8265597820282,93930.18153055171,415.27099609375
237,2.5354580879211426,2.5354580879211426,0.40796858072280884,0.40796858072280884,12.622211606563056,3.657892809825646,0.001,1.4088410139083862,0.027988433837890625,19.922258615493774,63669.157421289354,415.27099609375
238,2.546759843826294,2.546759843826294,0.38697317242622375,0.38697317242622375,12.765673922129864,3.6741977970233455,0.001,1.3924895524978638,0.019833087921142578,20.012195587158203,92118.7869112591,415.27099609375
239,2.5509631633758545,2.5509631633758545,0.3667047917842865,0.3667047917842865,12.819445058355573,3.680261905292768,0.001,1.378923773765564,0.027167081832885742,20.10747981071472,64342.574986616586,415.27099609375
240,2.5086843967437744,2.5086843967437744,0.40044742822647095,0.40044742822647095,12.288752298546724,3.6192665383377642,0.001,1.401965856552124,0.01931929588317871,20.197513818740845,92549.95683133615,415.27099609375
241,2.4861395359039307,2.4861395359039307,0.4148750603199005,0.4148750603199005,12.014803757189362,3.58674117940659,0.001,1.434280514717102,0.02841329574584961,20.294235229492188,60570.234984140836,415.27099609375
242,2.519481897354126,2.519481897354126,0.38932910561561584,0.38932910561561584,12.422159042579883,3.634844038922314,0.001,1.360617756843567,0.019268035888671875,20.382992029190063,98245.6131459117,415.27099609375
243,2.4918973445892334,2.4918973445892334,0.408311665058136,0.408311665058136,12.08418224096133,3.5950479414432635,0.001,1.4138935804367065,0.027573108673095703,20.479443073272705,69814.39861651535,415.27099609375
244,2.4722471237182617,2.4722471237182617,0.4005763828754425,0.4005763828754425,11.849043223852311,3.56669866524034,0.001,1.4379549026489258,0.03054499626159668,20.581363916397095,56801.44744955704,415.27099609375
245,2.4930527210235596,2.4930527210235596,0.38573744893074036,0.38573744893074036,12.09815208901323,3.596714797295426,0.001,1.412142276763916,0.019602060317993164,20.670803546905518,94428.84931340234,415.27099609375
246,2.479659080505371,2.479659080505371,0.39181649684906006,0.39181649684906006,11.937194101882994,3.577391858540386,0.001,1.4048043489456177,0.029406070709228516,20.76611018180847,54852.619241434106,415.27099609375
247,2.4352452754974365,2.4352452754974365,0.4323328137397766,0.4323328137397766,11.418619077396809,3.513316282308429,0.001,1.4486639499664307,0.019315242767333984,20.85603666305542,98316.13419902734,415.27099609375
248,2.476019859313965,2.476019859313965,0.38805103302001953,0.38805103302001953,11.893830964024792,3.572141572174846,0.001,1.427323818206787,0.027010202407836914,20.951286792755127,63827.73346044188,415.27099609375
249,2.475264072418213,2.475264072418213,0.3847725987434387,0.3847725987434387,11.884845158546641,3.571051202168376,0.001,1.4017229080200195,0.01987314224243164,21.042380332946777,98474.6134318689,415.27099609375
250,2.4622244834899902,2.4622244834899902,0.38120949268341064,0.38120949268341064,11.730877681106632,3.5522390518863984,0.001,1.4242582321166992,0.028009891510009766,21.139946460723877,66119.49922541325,415.27099609375
251,2.430821180343628,2.430821180343628,0.398876428604126,0.398876428604126,11.368213601597814,3.5069336621696086,0.001,1.4295626878738403,0.01935124397277832,21.233299255371094,101182.12569457278,415.27099609375
252,2.4159178733825684,2.4159178733825684,0.40558719635009766,0.40558719635009766,11.20004586500693,3.485432735124042,0.001,1.4371892213821411,0.02864384651184082,21.33420705795288,67483.95328821968,415.27099609375
253,2.42651629447937,2.42651629447937,0.3938411772251129,0.3938411772251129,11.319379926676488,3.5007230246816508,0.001,1.4377080202102661,0.01932501792907715,21.424453020095825,95782.57607797175,415.27099609375
254,2.4169914722442627,2.4169914722442627,0.39906102418899536,0.39906102418899536,11.212076678476773,3.4869816108777125,0.001,1.415328860282898,0.02520608901977539,21.520135402679443,76053.05204214828,415.27099609375
255,2.395050287246704,2.395050287246704,0.40409788489341736,0.40409788489341736,10.968749633430576,3.4553271720905077,0.001,1.4510653018951416,0.02764129638671875,21.617504119873047,63564.31244824731,415.27099609375
256,2.405484199523926,2.405484199523926,0.39698490500450134,0.39698490500450134,11.083795751728976,3.4703801255899256,0.001,1.4842495918273926,0.019325971603393555,21.707171201705933,92673.21906265807,415.27099609375
257,2.419623374938965,2.419623374938965,0.3772912621498108,0.3772912621498108,11.2416246399234,3.490778643843462,0.001,1.5321459770202637,0.024723529815673828,21.803435802459717,79438.49501436864,415.27099609375
258,2.3890843391418457,2.3890843391418457,0.3830779492855072,0.3830779492855072,10.903505457543119,3.446720128345427,0.001,1.4125663042068481,0.02860260009765625,21.9006564617157,52477.746599093094,415.27099609375
259,2.3633038997650146,2.3633038997650146,0.40260544419288635,0.40260544419288635,10.626000762269559,3.4095268163045347,0.001,1.5515128374099731,0.019301652908325195,21.9893581867218,83516.16349420062,415.27099609375
260,2.3874197006225586,2.3874197006225586,0.3902007043361664,0.3902007043361664,10.885370160907678,3.444318562608779,0.001,1.445438265800476,0.027806520462036133,22.08525800704956,60920.96284800521,415.27099609375
261,2.3681790828704834,2.3681790828704834,0.383254736661911,0.383254736661911,10.677930943381499,3.41656021879422,0.001,1.464347243309021,0.01967477798461914,22.17483425140381,86201.73510094278,415.27099609375
262,2.37359619140625,2.37359619140625,0.4019254148006439,0.4019254148006439,10.735931409814562,3.4243754544147276,0.001,1.4387004375457764,0.028469324111938477,22.27104640007019,58378.62512875914,415.27099609375
263,2.3350701332092285,2.3350701332092285,0.4423828125,0.4423828125,10.330184392948157,3.368794101308885,0.001,1.4830182790756226,0.019359827041625977,22.362653970718384,105786.06903855863,415.27099609375
264,2.3489105701446533,2.3489105701446533,0.4220023453235626,0.4220023453235626,10.474152652198176,3.388761631039359,0.001,1.4960283041000366,0.02877497673034668,22.462838411331177,59704.65297329544,415.27099609375
265,2.3215930461883545,2.3215930461883545,0.4119718372821808,0.4119718372821808,10.191897543993289,3.3493507746982414,0.001,1.4335618019104004,0.02780437469482422,22.56099247932434,61285.31997942034,415.27099609375
266,2.355001449584961,2.355001449584961,0.37735849618911743,0.37735849618911743,10.538144137619662,3.3975489126025433,0.001,1.5557085275650024,0.01935267448425293,22.654057264328003,95852.38471868032,415.27099609375
267,2.3630759716033936,2.3630759716033936,0.3847992420196533,0.3847992420196533,10.623579073446455,3.409197985476085,0.001,1.4918678998947144,0.030481815338134766,22.763630151748657,68631.08305044974,415.27099609375
268,2.306490421295166,2.306490421295166,0.4046713709831238,0.4046713709831238,10.039129640324669,3.3275622926604322,0.001,1.4942853450775146,0.027823686599731445,22.8614342212677,66166.64522154909,415.27099609375
269,2.281912326812744,2.281912326812744,0.4327850341796875,0.4327850341796875,9.795394505646458,3.2921035976361415,0.001,1.5135021209716797,0.027152538299560547,22.960211753845215,64929.472911508,415.27099609375
270,2.3043582439422607,2.3043582439422607,0.4148319661617279,0.4148319661617279,10.017747239099197,3.3244862109671,0.001,1.5244929790496826,0.02320075035095215,23.05468988418579,74394.14561560359,415.27099609375
271,2.3166556358337402,2.3166556358337402,0.4335532486438751,0.4335532486438751,10.141699988468002,3.3422275972648054,0.001,1.4651379585266113,0.02884984016418457,23.159154891967773,73553.26712119333,415.27099609375
272,2.259716749191284,2.259716749191284,0.47152942419052124,0.47152942419052124,9.580375133402114,3.2600821478719952,0.001,1.4530186653137207,0.02062821388244629,23.25883460044861,103014.25087551,415.27099609375
273,2.294041156768799,2.294041156768799,0.42208462953567505,0.42208462953567505,9.914924594699384,3.3096018004655274,0.001,1.4516645669937134,0.026945114135742188,23.359955310821533,71923.98555956679,415.27099609375
274,2.2750747203826904,2.2750747203826904,0.4079822599887848,0.4079822599887848,9.728645913548107,3.2822390167479525,0.001,1.4773379564285278,0.019588947296142578,23.452281951904297,92092.74866726711,415.27099609375
275,2.26175594329834,2.26175594329834,0.41671186685562134,0.41671186685562134,9.599931310561416,3.2630240830976547,0.001,1.4752825498580933,0.028588294982910156,23.5565185546875,64466.943590085735,415.27099609375
276,2.2752060890197754,2.2752060890197754,0.4151041805744171,0.4151041805744171,9.729924036453244,3.2824285416292036,0.001,1.4098668098449707,0.01956343650817871,23.650293827056885,98142.26652854793,415.27099609375
277,2.25937819480896,2.25937819480896,0.42486488819122314,0.42486488819122314,9.577132204401279,3.2595937171435447,0.001,1.483672022819519,0.02244114875793457,23.743911266326904,82437.8475431607,415.27099609375
278,2.242743492126465,2.242743492126465,0.43225806951522827,0.43225806951522827,9.419137200845057,3.235594914076847,0.001,1.4604511260986328,0.029540300369262695,23.84794306755066,68211.89950040758,415.27099609375
279,2.2476320266723633,2.2476320266723633,0.4036908745765686,0.4036908745765686,9.465295710254113,3.242647578623429,0.001,1.4211822748184204,0.019548416137695312,23.941901445388794,88702.8385208313,415.27099609375
280,2.27803635597229,2.27803635597229,0.40549638867378235,0.40549638867378235,9.757501326040995,3.2865117537259882,0.001,1.3897898197174072,0.025557518005371094,24.039971351623535,69764.20791820591,415.27099609375
281,2.2348954677581787,2.2348954677581787,0.425076425075531,0.425076425075531,9.345504894558157,3.2242726082399447,0.001,1.413140058517456,0.03057241439819336,24.146097898483276,64175.50064727443,415.27099609375
282,2.26476788520813,2.26476788520813,0.4077010154724121,0.4077010154724121,9.628889334057332,3.2673693967543542,0.001,1.397822380065918,0.02109241485595703,24.242568731307983,83726.78102816838,415.27099609375
283,2.2308108806610107,2.2308108806610107,0.4253285527229309,0.4253285527229309,9.307410219322605,3.2183797946907813,0.001,1.4242444038391113,0.027093172073364258,24.342289686203003,61786.78507880356,415.27099609375
284,2.245907783508301,2.245907783508301,0.40518084168434143,0.40518084168434143,9.448989300977171,3.240160021561349,0.001,1.4053308963775635,0.01985478401184082,24.439323902130127,103048.21239958212,415.27099609375
285,2.1752095222473145,2.1752095222473145,0.4565105736255646,0.4565105736255646,8.80402956901526,3.1381639906406518,0.001,1.4929243326187134,0.03078150749206543,24.546683073043823,63122.31460726374,415.27099609375
286,2.198514223098755,2.198514223098755,0.43146929144859314,0.43146929144859314,9.011614299419106,3.171785566988426,0.001,1.455776572227478,0.021403074264526367,24.64142394065857,85221.40219001682,415.27099609375
287,2.228389263153076,2.228389263153076,0.4109277129173279,0.4109277129173279,9.28489850016974,3.2148861391211545,0.001,1.5480315685272217,0.03136706352233887,24.746191263198853,56014.16909009372,415.27099609375
288,2.1830263137817383,2.1830263137817383,0.42873695492744446,0.42873695492744446,8.873118507945303,3.1494412370230283,0.001,1.4190495014190674,0.020595312118530273,24.839574098587036,83805.47913362583,415.27099609375
289,2.174705743789673,2.174705743789673,0.44044944643974304,0.44044944643974304,8.799595405589736,3.1374371919581057,0.001,1.4760738611221313,0.02872157096862793,24.942394018173218,61974.325914980865,415.27099609375
290,2.165736436843872,2.165736436843872,0.42357587814331055,0.42357587814331055,8.72102203449792,3.124497217307188,0.001,1.4441097974777222,0.019529342651367188,25.036547660827637,90786.46586580721,415.27099609375
291,2.1487672328948975,2.1487672328948975,0.43441638350486755,0.43441638350486755,8.574281786732064,3.100015830922169,0.001,1.4316608905792236,0.026862382888793945,25.134572744369507,61870.907241566005,415.27099609375
292,2.173213005065918,2.173213005065918,0.4104803502559662,0.4104803502559662,8.786469707830397,3.1352836252040017,0.001,1.4150910377502441,0.019452571868896484,25.230748891830444,94177.77825713936,415.27099609375
293,2.1796581745147705,2.1796581745147705,0.4278242588043213,0.4278242588043213,8.843282882554458,3.14458203920555,0.001,1.453486680984497,0.02481842041015625,25.33363175392151,77039.55241315709,415.27099609375
294,2.1498663425445557,2.1498663425445557,0.46059364080429077,0.46059364080429077,8.58371104352707,3.101601510963124,0.001,1.5320649147033691,0.027873516082763672,25.436960220336914,70102.38658797365,415.27099609375
295,2.1752429008483887,2.1752429008483887,0.3912797272205353,0.3912797272205353,8.804323440110567,3.1382121457828935,0.001,1.411157488822937,0.019475698471069336,25.529754877090454,90677.10729981515,415.27099609375
296,2.1357030868530273,2.1357030868530273,0.4213973879814148,0.4213973879814148,8.462994635856589,3.081168252214114,0.001,1.4790390729904175,0.0280303955078125,25.632746934890747,65357.622210125206,415.27099609375
297,2.163752555847168,2.163752555847168,0.4136807918548584,0.4136807918548584,8.703737715296988,3.121635082031529,0.001,1.4382368326187134,0.02847766876220703,25.73889470100403,64682.26087538931,415.27099609375
298,2.114790201187134,2.114790201187134,0.42065009474754333,0.42065009474754333,8.287846803288888,3.050997335773251,0.001,1.5139129161834717,0.020615816116333008,25.832507848739624,76106.61596641572,415.27099609375
299,2.1483993530273438,2.1483993530273438,0.42385411262512207,0.42385411262512207,8.571128061215623,3.0994850924616064,0.001,1.423291563987732,0.029923677444458008,25.940321445465088,67805.83715908819,415.27099609375
300,2.114884376525879,2.114884376525879,0.449638307094574,0.449638307094574,8.288627350822642,3.0511332020674327,0.001,1.4125592708587646,0.01954030990600586,26.037705183029175,91963.74103809269,415.27099609375
