drive_mean,drive_std,resistance_mean,resistance_std,energy_mean,energy_std,ambiguity_mean,ambiguity_std,ambiguity_weight_mean,ambiguity_weight_std,sample_uncertainty_mean,sample_uncertainty_std,prototype_diversity_penalty_mean,prototype_diversity_penalty_std
-0.027648800984025,0.5206816792488098,0.8938758969306946,0.001033902051858604,-0.030267177149653435,0.05063214898109436,0.09109628200531006,0.12923765182495117,0.00800000037997961,0.0,0.6931471824645996,0.0,0.01489405706524849,0.0
-0.025607943534851074,0.5318773984909058,0.895601212978363,0.0019444945501163602,-0.030374271795153618,0.0515950471162796,0.10084724426269531,0.12752357125282288,0.01600000075995922,0.0,0.6939123272895813,0.0004604862770065665,0.014564858749508858,0.0
-0.04057883843779564,0.5119038820266724,0.8962923288345337,0.0024185788352042437,-0.032001812011003494,0.049795471131801605,0.07659442722797394,0.11395387351512909,0.024000000208616257,0.0,0.6943240165710449,0.0010575142223387957,0.0143057219684124,0.0
-0.04896717146039009,0.5197752714157104,0.897220253944397,0.0033058880362659693,-0.03284081816673279,0.050561096519231796,0.07155660539865494,0.12123163789510727,0.03200000151991844,0.0,0.6947733163833618,0.0015069403452798724,0.01406510453671217,0.0
-0.044385045766830444,0.4994567036628723,0.8982622027397156,0.004125888459384441,-0.03245934471487999,0.0484844446182251,0.06697436422109604,0.12865303456783295,0.03999999910593033,0.0,0.6954090595245361,0.002511019119992852,0.013840005733072758,0.0
-0.0495186522603035,0.4985543191432953,0.8987995982170105,0.00467177527025342,-0.0329102985560894,0.04825058951973915,0.05909338593482971,0.12481532245874405,0.04800000041723251,0.0,0.6957731246948242,0.003233749885112047,0.01362227089703083,0.0
-0.07390077412128448,0.5369697213172913,0.899631679058075,0.005406447220593691,-0.03514915332198143,0.05168245732784271,0.05504559352993965,0.11705978214740753,0.056000005453825,0.0,0.6963438391685486,0.003983371891081333,0.013436486013233662,0.0
-0.0681193470954895,0.543239414691925,0.8993479609489441,0.006826499477028847,-0.03447775915265083,0.05211102217435837,0.058618344366550446,0.13477766513824463,0.06400000303983688,0.0,0.6953821182250977,0.0052972896955907345,0.013246294111013412,0.0
-0.08235157281160355,0.5533336400985718,0.8975054025650024,0.0077590299770236015,-0.035707227885723114,0.052827078849077225,0.043828509747982025,0.14475741982460022,0.07199999690055847,0.0,0.6941248774528503,0.006273223087191582,0.013066441752016544,0.0
-0.1158454567193985,0.5562329888343811,0.8969143033027649,0.007773655466735363,-0.03892787918448448,0.053083304315805435,0.019105054438114166,0.12730783224105835,0.07999999821186066,0.0,0.6951512098312378,0.007770259864628315,0.012904057279229164,0.0
-0.07640896737575531,0.5613359808921814,0.8972973227500916,0.008587869815528393,-0.03501204401254654,0.05360492691397667,0.053073037415742874,0.1311199963092804,0.08799999952316284,0.0,0.6923848390579224,0.007865002378821373,0.012747915461659431,0.0
-0.09777408838272095,0.5895549654960632,0.8950902223587036,0.009169611148536205,-0.03680970147252083,0.05626855418086052,0.03877904638648033,0.1405733972787857,0.09600000083446503,0.0,0.6911183595657349,0.009390178136527538,0.012590602040290833,0.0
-0.1583910584449768,0.6087328791618347,0.8917273879051208,0.010897340252995491,-0.04237163066864014,0.05780184268951416,-0.007300253491848707,0.141529843211174,0.10399999469518661,0.0,0.6922315359115601,0.010026099160313606,0.012453543022274971,0.0
-0.09541627019643784,0.6024879217147827,0.8917800784111023,0.011147132143378258,-0.036278896033763885,0.05771632120013237,0.03455581143498421,0.1514453887939453,0.11200001090765,0.0,0.6876484155654907,0.01084257010370493,0.012331641279160976,0.0
-0.1295756846666336,0.6438248157501221,0.889202892780304,0.011661609634757042,-0.03913120925426483,0.06153424084186554,0.018454687669873238,0.14410755038261414,0.11999999731779099,0.0,0.6867196559906006,0.011834543198347092,0.012229256331920624,0.0
-0.12991848587989807,0.6931698322296143,0.8875923156738281,0.013976439833641052,-0.03852170333266258,0.06587480008602142,0.02768329158425331,0.1449461579322815,0.12800000607967377,0.0,0.6837751865386963,0.012908119708299637,0.012153655290603638,0.0
-0.15598900616168976,0.6846415996551514,0.8805431723594666,0.014383476227521896,-0.040823932737112045,0.06511130183935165,-0.00835398118942976,0.1494499295949936,0.13600002229213715,0.0,0.6814000606536865,0.013433280400931835,0.012103265151381493,0.0
-0.13314150273799896,0.76148521900177,0.8825424313545227,0.014324386604130268,-0.03773347660899162,0.07283823192119598,0.02824767306447029,0.15269482135772705,0.14399999380111694,0.0,0.6781893968582153,0.0144842229783535,0.012077709659934044,0.0
-0.16217046976089478,0.7799378037452698,0.8809585571289062,0.014179670251905918,-0.04017208144068718,0.07488322257995605,0.01963837258517742,0.15597757697105408,0.15199999511241913,0.0,0.6776825189590454,0.015352596528828144,0.012077645398676395,0.0
-0.17868533730506897,0.8795164823532104,0.8778667449951172,0.01720091700553894,-0.04009128734469414,0.08409877121448517,0.01356334425508976,0.17672275006771088,0.1599999964237213,0.0,0.6753989458084106,0.018024567514657974,0.012105155736207962,0.0
-0.16386637091636658,0.9033660888671875,0.873828113079071,0.01952417381107807,-0.03800169751048088,0.08709543198347092,0.02857877127826214,0.16066864132881165,0.1680000126361847,0.0,0.6687238812446594,0.018437061458826065,0.012169099412858486,0.0
-0.13898329436779022,0.9684991240501404,0.8729019165039062,0.018818609416484833,-0.034228406846523285,0.0936756357550621,0.05945903807878494,0.17055600881576538,0.17599999904632568,0.0,0.6621290445327759,0.020027538761496544,0.012252644635736942,0.0
-0.20687583088874817,1.030403971672058,0.8626535534858704,0.020127693191170692,-0.038968104869127274,0.09908783435821533,0.0072895861230790615,0.16856612265110016,0.18400000035762787,0.0,0.6609988212585449,0.023743553087115288,0.01236898172646761,0.0
-0.1809319257736206,1.0382055044174194,0.85930997133255,0.020297635346651077,-0.036001790314912796,0.10144484043121338,0.032136719673871994,0.17698130011558533,0.19200000166893005,0.0,0.6528215408325195,0.02480785921216011,0.0125286765396595,0.0
-0.18490171432495117,1.149893045425415,0.8579041361808777,0.020464997738599777,-0.03348889946937561,0.11212260276079178,0.044752027839422226,0.1707928627729416,0.20000000298023224,0.0,0.6486319303512573,0.027380891144275665,0.012716399505734444,0.0
-0.2644067704677582,1.2291972637176514,0.8528377413749695,0.023072265088558197,-0.038448214530944824,0.11749456822872162,0.006741210352629423,0.17421883344650269,0.20799998939037323,0.0,0.6511106491088867,0.03200509771704674,0.012929189950227737,0.0
-0.24636264145374298,1.2902363538742065,0.8366855978965759,0.025574058294296265,-0.03419846296310425,0.12564456462860107,0.012348351068794727,0.19141218066215515,0.2160000056028366,0.0,0.633690595626831,0.03175700828433037,0.01315678283572197,0.0
-0.2711784541606903,1.4778800010681152,0.8355885744094849,0.025755271315574646,-0.03019445575773716,0.14361485838890076,0.01773674041032791,0.19964399933815002,0.2240000218153,0.0,0.6312850713729858,0.03759375959634781,0.013389485888183117,0.0
-0.26351284980773926,1.5379602909088135,0.8258513808250427,0.028068004176020622,-0.026534272357821465,0.1495688259601593,0.025626523420214653,0.18097460269927979,0.23199999332427979,0.0,0.6195729970932007,0.0369584858417511,0.013658754527568817,0.0
-0.2346278429031372,1.6349472999572754,0.8180521130561829,0.03164941072463989,-0.019270136952400208,0.16190992295742035,0.06718366593122482,0.18938754498958588,0.23999999463558197,0.0,0.6015925407409668,0.04156598821282387,0.01396324671804905,0.0
-0.3412937819957733,1.6539500951766968,0.8038490414619446,0.031194867566227913,-0.027767563238739967,0.16390836238861084,0.010583686642348766,0.1836504191160202,0.24800001084804535,0.0,0.6008862853050232,0.04447095841169357,0.014302863739430904,0.0
-0.30477386713027954,1.8062609434127808,0.8015760779380798,0.03335297480225563,-0.01696198806166649,0.18095682561397552,0.05051298812031746,0.19783185422420502,0.25600001215934753,0.0,0.588303804397583,0.04401668161153793,0.014652618207037449,0.0
-0.39740535616874695,1.890215516090393,0.7866604924201965,0.03639759495854378,-0.020861368626356125,0.18934954702854156,0.006256833206862211,0.18094219267368317,0.2639999985694885,0.0,0.5846655964851379,0.041547633707523346,0.015039537101984024,0.0
-0.25966164469718933,2.094566822052002,0.7749442458152771,0.04238158091902733,0.0031725913286209106,0.2100689709186554,0.0818420946598053,0.20502869784832,0.2720000445842743,0.0,0.5523384809494019,0.04552929475903511,0.015451188199222088,0.0
-0.28153204917907715,2.2631869316101074,0.7738250494003296,0.042016323655843735,0.010398667305707932,0.2310379296541214,0.11727334558963776,0.20370613038539886,0.2800000309944153,0.0,0.5406421422958374,0.04708761349320412,0.01587686873972416,0.0
-0.4239540100097656,2.379936933517456,0.774235188961029,0.04255673289299011,0.004360188264399767,0.23823359608650208,0.05494901165366173,0.19768081605434418,0.2879999876022339,0.0,0.5580597519874573,0.05754335597157478,0.016323065385222435,0.0
-0.3265230655670166,2.28045654296875,0.7594594359397888,0.046887531876564026,0.00891602598130703,0.2352389693260193,0.08379887789487839,0.20320488512516022,0.29600000381469727,0.0,0.5343002676963806,0.057730548083782196,0.016771677881479263,0.0
-0.3434644341468811,2.4150443077087402,0.7549844980239868,0.04976867511868477,0.01681957207620144,0.2451304793357849,0.06583535671234131,0.2011231929063797,0.30399999022483826,0.0,0.5346114635467529,0.0599696971476078,0.01721373200416565,0.0
-0.36770865321159363,2.6493611335754395,0.7516161799430847,0.05140872299671173,0.02769191563129425,0.27033454179763794,0.10232148319482803,0.20394524931907654,0.31200000643730164,0.0,0.5193287134170532,0.05844554305076599,0.01762843132019043,0.0
-0.3238815367221832,2.861616849899292,0.7535417079925537,0.05170690640807152,0.04708331078290939,0.29398465156555176,0.15879641473293304,0.2187412679195404,0.3199999928474426,0.0,0.5023594498634338,0.059490304440259933,0.018016928806900978,0.0
-0.40153446793556213,3.0225589275360107,0.765377402305603,0.05342822149395943,0.05013754963874817,0.3073895275592804,0.12791119515895844,0.22444497048854828,0.3280000388622284,0.0,0.5230518579483032,0.05855325236916542,0.018397683277726173,0.0
-0.34933802485466003,3.1680047512054443,0.7676281929016113,0.05828634276986122,0.067439965903759,0.3234541416168213,0.15544743835926056,0.22326979041099548,0.3360000252723694,0.0,0.5150227546691895,0.054328590631484985,0.01874830201268196,0.0
-0.343205064535141,3.4102420806884766,0.7848384976387024,0.05333440378308296,0.08382036536931992,0.3422635495662689,0.17110218107700348,0.23743873834609985,0.3440000116825104,0.0,0.5256003737449646,0.06035885587334633,0.01907680556178093,0.0
-0.4134186804294586,3.375605821609497,0.7920240759849548,0.05827834829688072,0.07424777746200562,0.34357917308807373,0.13722312450408936,0.22795981168746948,0.35199999809265137,0.0,0.5433388948440552,0.05868604779243469,0.019389521330595016,0.0
-0.4524618685245514,3.6782853603363037,0.8026861548423767,0.057379771023988724,0.09277013689279556,0.37087345123291016,0.17534267902374268,0.24560417234897614,0.36000001430511475,0.0,0.5391765832901001,0.06305839866399765,0.01967744529247284,0.0
-0.22036655247211456,3.726245641708374,0.8016811609268188,0.05656404793262482,0.12182586640119553,0.3764053285121918,0.2420988827943802,0.22329804301261902,0.36800000071525574,0.0,0.5121992230415344,0.05992523580789566,0.019933369010686874,0.0
-0.34218594431877136,3.7173473834991455,0.808567464351654,0.05977911502122879,0.10439707338809967,0.37626364827156067,0.21420879662036896,0.23908010125160217,0.3760000169277191,0.0,0.5276321768760681,0.06603199988603592,0.020169418305158615,0.0
-0.41485562920570374,3.800147533416748,0.8089300394058228,0.05798513814806938,0.10668983310461044,0.38330984115600586,0.19069194793701172,0.23004546761512756,0.3840000033378601,0.0,0.5353082418441772,0.06767291575670242,0.020397746935486794,0.0
-0.509915828704834,4.219054222106934,0.8126306533813477,0.05829320475459099,0.1266203075647354,0.41795697808265686,0.19745759665966034,0.23887942731380463,0.3920000195503235,0.0,0.5348281860351562,0.07568328827619553,0.0205937922000885,0.0
-0.3432559072971344,4.294361114501953,0.8174487948417664,0.06068488955497742,0.15466447174549103,0.43355482816696167,0.2583727538585663,0.2458246797323227,0.4000000059604645,0.0,0.5136973857879639,0.07714884728193283,0.02075628750026226,0.0
-0.4471389949321747,4.17543363571167,0.8040119409561157,0.058987706899642944,0.13198915123939514,0.4178580343723297,0.20541444420814514,0.2341347485780716,0.40799999237060547,0.0,0.5197973251342773,0.08093550056219101,0.02089090272784233,0.0
-0.48058271408081055,4.287647724151611,0.8022217154502869,0.07058157026767731,0.13791587948799133,0.43216729164123535,0.20365014672279358,0.2462422102689743,0.41599997878074646,0.0,0.5170949697494507,0.07633483409881592,0.02103286050260067,0.0
-0.35176268219947815,4.456104755401611,0.7851336002349854,0.07148322463035583,0.17061935365200043,0.44898658990859985,0.2312430441379547,0.2546054720878601,0.42399999499320984,0.0,0.4866749346256256,0.08623655885457993,0.021168800070881844,0.0
-0.4569544792175293,4.706141948699951,0.7855052351951599,0.06986260414123535,0.17995135486125946,0.4678409993648529,0.22733484208583832,0.2497231662273407,0.4320000112056732,0.0,0.4868814945220947,0.08366231620311737,0.021265851333737373,0.0
-0.45036402344703674,4.619853496551514,0.797855019569397,0.07684757560491562,0.1702474057674408,0.4628908932209015,0.23710599541664124,0.2327910214662552,0.4399999678134918,0.0,0.4931098222732544,0.08866226673126221,0.021363094449043274,0.0
-0.41802331805229187,4.538482189178467,0.7932532429695129,0.07547029852867126,0.1764850914478302,0.4707976281642914,0.23518700897693634,0.2494724839925766,0.4480000436306,0.0,0.48746705055236816,0.0793519914150238,0.021440153941512108,0.0
-0.5316620469093323,4.793725967407227,0.7836682200431824,0.07515399158000946,0.18789945542812347,0.48471495509147644,0.2264987677335739,0.23699834942817688,0.4560000002384186,0.0,0.4799586534500122,0.07721222937107086,0.02148856222629547,0.0
-0.4490409791469574,4.943722724914551,0.7912079095840454,0.08039607107639313,0.20522931218147278,0.496134877204895,0.2668919563293457,0.2571556568145752,0.46399998664855957,0.0,0.46693986654281616,0.08878304809331894,0.021503383293747902,0.0
-0.45297858119010925,5.011435031890869,0.7913100123405457,0.07868926227092743,0.20966558158397675,0.5025654435157776,0.2801772654056549,0.23726339638233185,0.47200003266334534,0.0,0.45863187313079834,0.0857328325510025,0.02149183116853237,0.0
-0.4858912527561188,4.821905612945557,0.7973092198371887,0.0790267214179039,0.19206377863883972,0.49510523676872253,0.26662343740463257,0.24461409449577332,0.47999998927116394,0.0,0.4688906669616699,0.08919010311365128,0.021489890292286873,0.0
-0.5645202994346619,4.884545803070068,0.8027202486991882,0.07914954423904419,0.1901378184556961,0.5036985874176025,0.26699912548065186,0.23955415189266205,0.4880000054836273,0.0,0.4719809889793396,0.09569501876831055,0.021471573039889336,0.0
-0.5699575543403625,4.932906150817871,0.7959465980529785,0.08157339692115784,0.20406030118465424,0.5046334862709045,0.2611299157142639,0.23947681486606598,0.4960000216960907,0.0,0.46597883105278015,0.08610943704843521,0.02147958055138588,0.0
-0.5027946829795837,4.8642072677612305,0.8008884787559509,0.08837693929672241,0.21949075162410736,0.5164217948913574,0.27806875109672546,0.23593786358833313,0.5040000081062317,0.0,0.4602910280227661,0.08182108402252197,0.02151237428188324,0.0
-0.5401246547698975,5.201131343841553,0.8057770133018494,0.08689398318529129,0.23555004596710205,0.5343878865242004,0.2907005548477173,0.23715482652187347,0.5120000243186951,0.0,0.4564848840236664,0.0853257104754448,0.02156704105436802,0.0
-0.6543051600456238,4.917619705200195,0.796618640422821,0.08598059415817261,0.20295719802379608,0.5133732557296753,0.23685669898986816,0.23488229513168335,0.5199999809265137,0.0,0.47299671173095703,0.08640694618225098,0.02163049206137657,0.0
-0.7482592463493347,4.949755668640137,0.7926443815231323,0.086443230509758,0.20202508568763733,0.5297415256500244,0.20617616176605225,0.21928204596042633,0.527999997138977,0.0,0.4833230972290039,0.08536120504140854,0.021693840622901917,0.0
-0.5939165949821472,4.884973526000977,0.8132789731025696,0.09893234819173813,0.2167910635471344,0.5274190306663513,0.2600893974304199,0.2318994551897049,0.5360000133514404,0.0,0.47340771555900574,0.10396892577409744,0.021762583404779434,0.0
-0.7209669351577759,5.036813735961914,0.7968248128890991,0.08588521927595139,0.21929390728473663,0.5455893278121948,0.22480277717113495,0.22821523249149323,0.5440000891685486,0.0,0.47406458854675293,0.08618160337209702,0.021844998002052307,0.0
-0.7251490354537964,5.220703125,0.8152948617935181,0.08803312480449677,0.23579879105091095,0.5687276721000671,0.2648026645183563,0.23377546668052673,0.5519999861717224,0.0,0.4686518609523773,0.08840758353471756,0.021951543167233467,0.0
-0.8104612231254578,5.018650531768799,0.806717038154602,0.08799491077661514,0.21203522384166718,0.5468167662620544,0.22531656920909882,0.21228532493114471,0.5600000619888306,0.0,0.48006385564804077,0.08648104220628738,0.022064276039600372,0.0
-0.8541194796562195,4.99608039855957,0.7855303883552551,0.08747252821922302,0.21349644660949707,0.55271977186203,0.19465206563472748,0.20903706550598145,0.5680000185966492,0.0,0.4744882583618164,0.08367092162370682,0.02217782661318779,0.0
-0.701604962348938,5.057440757751465,0.8023639917373657,0.08791213482618332,0.24165010452270508,0.5694704055786133,0.2562182545661926,0.2030234932899475,0.5759999752044678,0.0,0.4542993903160095,0.07634466886520386,0.022323768585920334,0.0
-0.8319899439811707,4.960912227630615,0.8131956458091736,0.09189552068710327,0.2061775177717209,0.5674320459365845,0.24507248401641846,0.2108127921819687,0.5840000510215759,0.0,0.469587504863739,0.08022429049015045,0.02245795726776123,0.0
-0.7913658618927002,4.85516881942749,0.7976195216178894,0.1045924574136734,0.22696052491664886,0.556281328201294,0.20644114911556244,0.23062759637832642,0.5920000076293945,0.0,0.4749178886413574,0.08126786351203918,0.022621892392635345,0.0
-0.7210325598716736,4.671138763427734,0.8181463479995728,0.10067997872829437,0.22037068009376526,0.5373860597610474,0.22630944848060608,0.19513696432113647,0.6000000238418579,0.0,0.4818698465824127,0.08103377372026443,0.02275198884308338,0.0
-0.7938095927238464,5.073810577392578,0.8152320981025696,0.10290361940860748,0.2333800345659256,0.5820704698562622,0.23227067291736603,0.21801599860191345,0.6079999804496765,0.0,0.4735185503959656,0.08571545779705048,0.022892409935593605,0.0
-0.7915341258049011,4.974863052368164,0.8274850845336914,0.10879504680633545,0.23259635269641876,0.5792551040649414,0.24240902066230774,0.21728570759296417,0.6159999966621399,0.0,0.4776666760444641,0.08714953064918518,0.023032808676362038,0.0
-0.8047777414321899,4.747264862060547,0.8251438140869141,0.10560276359319687,0.21862350404262543,0.5757637023925781,0.22773991525173187,0.21519429981708527,0.6240000128746033,0.0,0.4825374484062195,0.08156541734933853,0.023148899897933006,0.0
-0.9010855555534363,4.979769229888916,0.8094272613525391,0.10986359417438507,0.22258949279785156,0.5807044506072998,0.21583056449890137,0.21485905349254608,0.6320000886917114,0.0,0.4725232422351837,0.08171346783638,0.023281114175915718,0.0
-0.7985538840293884,5.0169525146484375,0.8321844339370728,0.11746081709861755,0.24215061962604523,0.5937032699584961,0.24943022429943085,0.2222069799900055,0.6399999856948853,0.0,0.47204720973968506,0.09389019012451172,0.023397885262966156,0.0
-0.8281790018081665,4.925594806671143,0.806506335735321,0.10295528173446655,0.2319806069135666,0.5910462737083435,0.22615475952625275,0.19846251606941223,0.6480000019073486,0.0,0.45945286750793457,0.08174353837966919,0.023549359291791916,0.0
-0.91375333070755,5.086130619049072,0.8082429766654968,0.11678152531385422,0.2461341917514801,0.6096410155296326,0.21526777744293213,0.21331851184368134,0.6560000777244568,0.0,0.46651893854141235,0.09025857597589493,0.023730766028165817,0.0
-0.8736810088157654,4.99367618560791,0.8247498869895935,0.12110453099012375,0.23110179603099823,0.6078022122383118,0.26420265436172485,0.2142653614282608,0.6639999747276306,0.0,0.4488081932067871,0.08687198162078857,0.02392323687672615,0.0
-0.9873415231704712,5.090495586395264,0.8105975985527039,0.11424475908279419,0.2309911698102951,0.6108840703964233,0.21921609342098236,0.20552140474319458,0.6720000505447388,0.0,0.4627702236175537,0.09040015190839767,0.024062877520918846,0.0
-0.7370996475219727,4.963247299194336,0.8030533194541931,0.1190996766090393,0.26187241077423096,0.6133221387863159,0.25272154808044434,0.21211975812911987,0.6800000071525574,0.0,0.4306851625442505,0.0897674635052681,0.02418159879744053,0.0
-0.7720468044281006,5.098900318145752,0.8216156959533691,0.13433440029621124,0.2782745659351349,0.6295754313468933,0.282381534576416,0.22161918878555298,0.6880000233650208,0.0,0.4268168807029724,0.09285450726747513,0.024260489270091057,0.0
-0.9520881772041321,5.1253981590271,0.8332368731498718,0.11013807356357574,0.23914694786071777,0.6501261591911316,0.2676752507686615,0.17949844896793365,0.6959999799728394,0.0,0.44641047716140747,0.0842498317360878,0.02429494448006153,0.0
-0.8968364596366882,5.2602949142456055,0.8269672393798828,0.11926336586475372,0.26850923895835876,0.6467202305793762,0.24562005698680878,0.20436318218708038,0.7039999961853027,0.0,0.45352286100387573,0.09142807126045227,0.02436915598809719,0.0
-0.9169486165046692,4.956208229064941,0.8133110404014587,0.13231584429740906,0.23802447319030762,0.626534640789032,0.22323088347911835,0.1954398900270462,0.7120000720024109,0.0,0.45383962988853455,0.08745844662189484,0.024408722296357155,0.0
-0.951045036315918,5.241576671600342,0.7944108843803406,0.1107700914144516,0.28983280062675476,0.6580299735069275,0.2025596648454666,0.19921544194221497,0.7200000286102295,0.0,0.4480333924293518,0.0894157662987709,0.02446293644607067,0.0
-0.8209287524223328,5.074657917022705,0.8385991454124451,0.13373300433158875,0.279153436422348,0.6564414501190186,0.27445104718208313,0.2195490300655365,0.7279999852180481,0.0,0.4382610321044922,0.07817388325929642,0.024545811116695404,0.0
-0.9381700754165649,5.218820571899414,0.8216552734375,0.11888980865478516,0.2744152545928955,0.6695692539215088,0.22620001435279846,0.22263912856578827,0.7360000014305115,0.0,0.4546310603618622,0.09308471530675888,0.024620220065116882,0.0
-0.8155261874198914,5.167590618133545,0.8438728451728821,0.1412656605243683,0.30034273862838745,0.6614460945129395,0.2594500482082367,0.2339206486940384,0.7440000772476196,0.0,0.4502986669540405,0.09889044612646103,0.024712812155485153,0.0
-0.890489399433136,5.192594051361084,0.8549746870994568,0.12492145597934723,0.28376784920692444,0.6724309325218201,0.2619026303291321,0.19724668562412262,0.7520000338554382,0.0,0.45747774839401245,0.08215536922216415,0.024856936186552048,0.0
-0.9606651663780212,5.2488627433776855,0.8448491096496582,0.1316525787115097,0.30145055055618286,0.6845714449882507,0.22926989197731018,0.21393175423145294,0.7599999904632568,0.0,0.47005510330200195,0.08491936326026917,0.024973710998892784,0.0
-0.8312454223632812,5.131340503692627,0.8550345301628113,0.13615775108337402,0.3011378347873688,0.6900501847267151,0.2708781361579895,0.19885843992233276,0.7680000066757202,0.0,0.44644927978515625,0.08817937970161438,0.025127772241830826,0.0
-0.8841661810874939,5.106146812438965,0.8545309901237488,0.12632274627685547,0.28705069422721863,0.6873847246170044,0.25710800290107727,0.18538247048854828,0.7760000228881836,0.0,0.4544619917869568,0.088979072868824,0.025243055075407028,0.0
-0.9727740287780762,5.34014368057251,0.8555582165718079,0.13865001499652863,0.30132970213890076,0.7131608128547668,0.26605287194252014,0.20746096968650818,0.784000039100647,0.0,0.44641751050949097,0.09834786504507065,0.025399478152394295,0.0
-0.8443912863731384,5.060074329376221,0.8288122415542603,0.14602093398571014,0.30959606170654297,0.7001816630363464,0.23484492301940918,0.19947457313537598,0.7919999957084656,0.0,0.44225841760635376,0.08711735904216766,0.02554272674024105,0.0
-0.8591820001602173,5.208776473999023,0.8372185826301575,0.13167297840118408,0.32561665773391724,0.7100790739059448,0.2601347863674164,0.194313645362854,0.800000011920929,0.0,0.4285517930984497,0.08074207603931427,0.02568667195737362,0.0
-0.9301992654800415,4.889061450958252,0.8302710652351379,0.16062721610069275,0.285896897315979,0.6937546730041504,0.24614396691322327,0.20454229414463043,0.8080000281333923,0.0,0.4308256506919861,0.08656523376703262,0.025863822549581528,0.0
-0.8088952898979187,5.008427143096924,0.8379896283149719,0.14746983349323273,0.31509214639663696,0.7054187059402466,0.26615843176841736,0.197487473487854,0.8159999847412109,0.0,0.4202413558959961,0.0846254974603653,0.026034891605377197,0.0
-0.8866620063781738,5.123100757598877,0.8377662897109985,0.13974794745445251,0.3112969994544983,0.718963623046875,0.2585931718349457,0.2063654363155365,0.8240000009536743,0.0,0.4241199791431427,0.08486069738864899,0.026174699887633324,0.0
-0.8931638598442078,5.186089038848877,0.82659912109375,0.14851684868335724,0.3409101068973541,0.7267840504646301,0.23288093507289886,0.20325610041618347,0.8319999575614929,0.0,0.4322741627693176,0.09299194067716599,0.02627856284379959,0.0
-0.7537636160850525,5.2606048583984375,0.8373698592185974,0.13153313100337982,0.3666219413280487,0.7450566291809082,0.28904733061790466,0.18663838505744934,0.8399999737739563,0.0,0.3939996361732483,0.07650798559188843,0.02636510506272316,0.0
-0.7957226634025574,5.241426467895508,0.8469919562339783,0.14227205514907837,0.3506603240966797,0.7478740811347961,0.28047364950180054,0.20837806165218353,0.8479999899864197,0.0,0.40857815742492676,0.0964011624455452,0.02649979665875435,0.0
-0.8709991574287415,5.2251410484313965,0.8616620898246765,0.14092542231082916,0.33164969086647034,0.7541966438293457,0.27111759781837463,0.1938866823911667,0.8560000658035278,0.0,0.42901110649108887,0.08400218933820724,0.02655821666121483,0.0
-0.7662293314933777,5.119166851043701,0.8594526648521423,0.14358213543891907,0.375948965549469,0.7462751269340515,0.2639443576335907,0.19229508936405182,0.8640000224113464,0.0,0.43082863092422485,0.08207159489393234,0.02662552334368229,0.0
-0.7650261521339417,5.2212934494018555,0.8315067291259766,0.12722644209861755,0.39250728487968445,0.75450599193573,0.24914495646953583,0.19283078610897064,0.8719999194145203,0.0,0.4136742353439331,0.09235551953315735,0.02674519270658493,0.0
-0.7813131213188171,5.169111251831055,0.8692108392715454,0.13975071907043457,0.3599400520324707,0.7594434022903442,0.2889283001422882,0.19459891319274902,0.8799999356269836,0.0,0.4143734574317932,0.09325341135263443,0.026852454990148544,0.0
-0.7858474254608154,5.138963222503662,0.8771006464958191,0.14536809921264648,0.34545740485191345,0.768856406211853,0.2821272015571594,0.1746225655078888,0.8880000114440918,0.0,0.4259895086288452,0.08595246821641922,0.02696315199136734,0.0
-0.780066728591919,5.0824689865112305,0.8557993173599243,0.14155681431293488,0.34262213110923767,0.772994875907898,0.26115214824676514,0.1803572028875351,0.8960000872612,0.0,0.42122289538383484,0.08767259865999222,0.027033483609557152,0.0
-0.7610206007957458,5.0651774406433105,0.8688488006591797,0.18072418868541718,0.3633761405944824,0.7830761075019836,0.27114248275756836,0.20165088772773743,0.9039999842643738,0.0,0.4231499433517456,0.10545884817838669,0.02710404247045517,0.0
-0.7381331324577332,5.414266586303711,0.8647270202636719,0.13922403752803802,0.3964485824108124,0.8147068023681641,0.28490716218948364,0.17104662954807281,0.9120000004768372,0.0,0.4043031632900238,0.09666059166193008,0.027190031483769417,0.0
-0.7415986657142639,5.0652995109558105,0.8680864572525024,0.1737365871667862,0.3661981225013733,0.7808570265769958,0.2798382341861725,0.21422559022903442,0.9200000166893005,0.0,0.41004467010498047,0.10541343688964844,0.02729942835867405,0.0
-0.7487589120864868,5.230108737945557,0.8573722839355469,0.16855034232139587,0.401689738035202,0.8031309843063354,0.273529589176178,0.19462759792804718,0.9279999732971191,0.0,0.40294405817985535,0.10290732979774475,0.027323119342327118,0.0
-0.7510499954223633,5.265901565551758,0.8778675198554993,0.17207343876361847,0.39916425943374634,0.8186416625976562,0.2991218566894531,0.2025841623544693,0.9360000491142273,0.0,0.3972938060760498,0.10517042130231857,0.02740035206079483,0.0
-0.7568210959434509,5.200170040130615,0.8461353182792664,0.16282574832439423,0.41370269656181335,0.8208589553833008,0.2672063112258911,0.1821385771036148,0.9440000653266907,0.0,0.3932943344116211,0.09459739923477173,0.02745290845632553,0.0
-0.7874532341957092,5.13925838470459,0.8718059659004211,0.16980022192001343,0.3988555371761322,0.8329116702079773,0.27738603949546814,0.18634133040905,0.952000081539154,0.0,0.4071331024169922,0.10741166770458221,0.027473684400320053,0.0
-0.7901900410652161,5.188285827636719,0.8465785980224609,0.1773160845041275,0.4139842092990875,0.8088626265525818,0.25052496790885925,0.19729967415332794,0.9599999785423279,0.0,0.4054703414440155,0.09823181480169296,0.027444148436188698,0.0
-0.7611086964607239,5.270751953125,0.8882383704185486,0.16992592811584473,0.40932178497314453,0.8483461737632751,0.3195013403892517,0.20539836585521698,0.968000054359436,0.0,0.378354012966156,0.10763318091630936,0.027415700256824493,0.0
-0.8247992396354675,5.479558944702148,0.8433613777160645,0.17649395763874054,0.4387207627296448,0.8565754890441895,0.26883456110954285,0.18665507435798645,0.9760000109672546,0.0,0.3803694248199463,0.09144570678472519,0.02740190364420414,0.0
-0.8158864974975586,4.982632637023926,0.8813642859458923,0.18358854949474335,0.3863472044467926,0.8196764588356018,0.2872484624385834,0.2031031996011734,0.984000027179718,0.0,0.3981000483036041,0.10289813578128815,0.0273964311927557,0.0
-0.8444798588752747,5.239014625549316,0.8670918345451355,0.165933758020401,0.4187237322330475,0.8476125597953796,0.2758793532848358,0.18732772767543793,0.9920000433921814,0.0,0.3928057551383972,0.10044475644826889,0.027390703558921814,0.0
-0.8104438185691833,5.100525379180908,0.8483848571777344,0.17556053400039673,0.4275382459163666,0.8393698930740356,0.26519569754600525,0.18458028137683868,1.0,0.0,0.38257306814193726,0.10106857866048813,0.027365049347281456,0.0
-0.8223723769187927,5.192544937133789,0.8634090423583984,0.18349364399909973,0.4129358232021332,0.8478971123695374,0.3023131489753723,0.19915176928043365,1.0,0.0,0.36047834157943726,0.09379938244819641,0.02737787924706936,0.0
-0.895489513874054,5.210620880126953,0.8443506360054016,0.17795208096504211,0.42789387702941895,0.8490898609161377,0.26299911737442017,0.20060116052627563,1.0,0.0,0.38073214888572693,0.09548932313919067,0.027380477637052536,0.0
-0.8683660626411438,5.241337299346924,0.8578076362609863,0.16091470420360565,0.41463014483451843,0.8525140285491943,0.2739322781562805,0.17758169770240784,1.0,0.0,0.38325393199920654,0.09771870076656342,0.027384327724575996,0.0
-0.9074212908744812,5.160712718963623,0.8625782132148743,0.17638900876045227,0.42221689224243164,0.8434774279594421,0.26532337069511414,0.194743812084198,1.0,0.0,0.3966314196586609,0.10505577176809311,0.02733471244573593,0.0
-0.9205408096313477,5.2217488288879395,0.8523827791213989,0.20223477482795715,0.4170394837856293,0.8375729322433472,0.27419906854629517,0.1986752599477768,1.0,0.0,0.37755781412124634,0.09557602554559708,0.027331283316016197,0.0
-0.8897895216941833,5.224208831787109,0.8647934794425964,0.1479388028383255,0.43154746294021606,0.8503974080085754,0.27991175651550293,0.1661606878042221,1.0,0.0,0.3842534124851227,0.08920016884803772,0.02722519263625145,0.0
-0.8847213983535767,4.972871780395508,0.8505865335464478,0.17083300650119781,0.3836420476436615,0.8291046023368835,0.2692532241344452,0.18091534078121185,1.0,0.0,0.380703330039978,0.0884232223033905,0.027225522324442863,0.0
-0.9124380350112915,5.223662853240967,0.880262553691864,0.19908857345581055,0.4276673495769501,0.8485744595527649,0.2622619569301605,0.20468956232070923,1.0,0.0,0.4173682630062103,0.08998521417379379,0.027211885899305344,0.0
-0.9102670550346375,5.185345649719238,0.8955775499343872,0.19770456850528717,0.41435137391090393,0.8592274785041809,0.28030791878700256,0.19688917696475983,1.0,0.0,0.41463497281074524,0.09756899625062943,0.027223365381360054,0.0
-0.9206215739250183,5.145076274871826,0.8849167227745056,0.1809978485107422,0.42690473794937134,0.8434556722640991,0.25008001923561096,0.20137490332126617,1.0,0.0,0.4341993033885956,0.09157489985227585,0.027208872139453888,0.0
-0.9434814453125,5.0286664962768555,0.8873741030693054,0.1666155904531479,0.3759867250919342,0.8374242782592773,0.25852444767951965,0.1765109747648239,1.0,0.0,0.42820918560028076,0.06680665910243988,0.02725827321410179,0.0
-0.8981544375419617,5.15573787689209,0.887452244758606,0.1591966152191162,0.4194500148296356,0.8483997583389282,0.26084691286087036,0.1754063069820404,1.0,0.0,0.4259616732597351,0.0687987208366394,0.02732425555586815,0.0
-0.8979867100715637,5.219049453735352,0.8623585104942322,0.17154936492443085,0.4276321828365326,0.8509544730186462,0.243927001953125,0.17404857277870178,1.0,0.0,0.41778457164764404,0.06877581030130386,0.0273507758975029,0.0
-0.9268741011619568,4.828874588012695,0.8777219653129578,0.19507119059562683,0.3630906641483307,0.8329561948776245,0.24953579902648926,0.2054719179868698,1.0,0.0,0.42753589153289795,0.08007343113422394,0.027389347553253174,0.0
-0.9616047143936157,4.953729152679443,0.8837255835533142,0.18088459968566895,0.3949683606624603,0.8271721005439758,0.2542606294155121,0.1899963915348053,1.0,0.0,0.428811252117157,0.07832673192024231,0.027409138157963753,0.0
-0.9002360701560974,4.942188262939453,0.8666860461235046,0.1661272794008255,0.40264105796813965,0.8222638964653015,0.25140973925590515,0.1925489455461502,1.0,0.0,0.4146196246147156,0.08096538484096527,0.027396509423851967,0.0
-0.8829188346862793,5.148599624633789,0.8621201515197754,0.16856342554092407,0.44086527824401855,0.8344170451164246,0.25645002722740173,0.18001674115657806,1.0,0.0,0.40501028299331665,0.0821111649274826,0.027370136231184006,0.0
-0.9387596249580383,5.005491733551025,0.8623180389404297,0.15127058327198029,0.40480467677116394,0.8385311961174011,0.24102286994457245,0.16625335812568665,1.0,0.0,0.42063188552856445,0.07189588993787766,0.027348816394805908,0.0
-0.9718242883682251,4.832690238952637,0.8590856790542603,0.16977350413799286,0.38034072518348694,0.7981816530227661,0.22597789764404297,0.1902429759502411,1.0,0.0,0.4324415326118469,0.07601568847894669,0.02729232981801033,0.0
-0.9512993097305298,4.933538436889648,0.8720337152481079,0.15729811787605286,0.4049568176269531,0.8327840566635132,0.21842049062252045,0.1723160594701767,1.0,0.0,0.4529437720775604,0.07534365355968475,0.02727610059082508,0.0
-0.9503228068351746,4.826842308044434,0.859706699848175,0.17435768246650696,0.38929104804992676,0.8147923350334167,0.20354460179805756,0.17895884811878204,1.0,0.0,0.4554891288280487,0.07578204572200775,0.027230385690927505,0.0
-0.9292497634887695,4.738762855529785,0.8966965675354004,0.15382657945156097,0.3901556432247162,0.8253027200698853,0.242726132273674,0.1645173281431198,1.0,0.0,0.4532932937145233,0.07971787452697754,0.027233000844717026,0.0
-0.9201149344444275,4.94412088394165,0.9000011682510376,0.15794722735881805,0.3984651267528534,0.8305034041404724,0.24583987891674042,0.17681598663330078,1.0,0.0,0.45348015427589417,0.07204034924507141,0.02718259021639824,0.0
-1.015451431274414,4.9602813720703125,0.9130608439445496,0.19550003111362457,0.3737669587135315,0.8286770582199097,0.23832201957702637,0.21642456948757172,1.0,0.0,0.47405388951301575,0.08969514816999435,0.027096401900053024,0.0
-0.9183164834976196,5.063683986663818,0.9080604910850525,0.15868611633777618,0.40482673048973083,0.8586435317993164,0.25276970863342285,0.17692330479621887,1.0,0.0,0.4546020030975342,0.0883243978023529,0.026928475126624107,0.0
-0.9179947972297668,4.848010063171387,0.9046792984008789,0.1892625242471695,0.385134220123291,0.833768904209137,0.2669728100299835,0.18127024173736572,1.0,0.0,0.437014102935791,0.07816056907176971,0.02672872133553028,0.0
-0.9051709175109863,4.687313079833984,0.8716398477554321,0.14341959357261658,0.36806386709213257,0.814997673034668,0.2422044277191162,0.1616867333650589,1.0,0.0,0.42873919010162354,0.07679904252290726,0.02656196616590023,0.0
-0.8561338782310486,4.9099907875061035,0.8870052695274353,0.164885476231575,0.41255852580070496,0.8557915687561035,0.2885361909866333,0.17814096808433533,1.0,0.0,0.39776960015296936,0.06825662404298782,0.02644459158182144,0.0
-0.8745295405387878,5.141526222229004,0.859982430934906,0.13406972587108612,0.4382345378398895,0.8702653646469116,0.24711839854717255,0.15605533123016357,1.0,0.0,0.4121611416339874,0.06573813408613205,0.026341918855905533,0.0
-0.8560091257095337,4.999752044677734,0.894688069820404,0.17341335117816925,0.4055781364440918,0.8772825002670288,0.282924085855484,0.18118984997272491,1.0,0.0,0.4110581576824188,0.05559471249580383,0.02621154859662056,0.0
-0.8847141265869141,5.079782962799072,0.893831729888916,0.19351676106452942,0.4117879867553711,0.8658318519592285,0.2840282917022705,0.19914919137954712,1.0,0.0,0.40909504890441895,0.07631994038820267,0.02608330361545086,0.0
-0.8899790048599243,4.8991594314575195,0.8720666766166687,0.1743251085281372,0.4143733084201813,0.8740500807762146,0.2589084804058075,0.19346274435520172,1.0,0.0,0.4124471843242645,0.07760749012231827,0.025981558486819267,0.0
-0.8517549633979797,4.90631628036499,0.8606265187263489,0.14280542731285095,0.4257470667362213,0.8681527376174927,0.25258374214172363,0.1807025820016861,1.0,0.0,0.40732887387275696,0.08157583326101303,0.02596822939813137,0.0
-0.8381567001342773,4.975249767303467,0.8660153746604919,0.15859967470169067,0.4247245788574219,0.8606544733047485,0.28298601508140564,0.16883249580860138,1.0,0.0,0.38231274485588074,0.07337483018636703,0.025983622297644615,0.0
-0.7927715182304382,4.933964729309082,0.8845977783203125,0.17395170032978058,0.4000285565853119,0.8503950238227844,0.29820865392684937,0.18696802854537964,1.0,0.0,0.38567060232162476,0.08320021629333496,0.026009298861026764,0.0
-0.8110765814781189,4.981923580169678,0.8753257989883423,0.17539739608764648,0.4249427020549774,0.877885103225708,0.2802968919277191,0.1803624927997589,1.0,0.0,0.39430856704711914,0.0733148530125618,0.02599567361176014,0.0
-0.7952041029930115,4.693093299865723,0.8766690492630005,0.159184992313385,0.394943505525589,0.837443470954895,0.28558316826820374,0.18259644508361816,1.0,0.0,0.390363872051239,0.0820048525929451,0.025951936841011047,0.0
-0.8205341696739197,4.988564491271973,0.8644633293151855,0.15532653033733368,0.4362602233886719,0.8702097535133362,0.2577597200870514,0.1656184196472168,1.0,0.0,0.4059803783893585,0.07855390012264252,0.025911161676049232,0.0
-0.7512363791465759,4.996219158172607,0.901490330696106,0.17528414726257324,0.42568260431289673,0.8801122903823853,0.33059966564178467,0.17474177479743958,1.0,0.0,0.3701668977737427,0.08719287812709808,0.025908656418323517,0.0
-0.7787252068519592,4.898305416107178,0.8709263205528259,0.16803675889968872,0.4058781564235687,0.8467822670936584,0.28528696298599243,0.1870594471693039,1.0,0.0,0.38491517305374146,0.09952785074710846,0.025911035016179085,0.0
-0.7457517981529236,4.7173357009887695,0.8518437743186951,0.14362478256225586,0.414823442697525,0.8444121479988098,0.2705516517162323,0.16034464538097382,1.0,0.0,0.38056740164756775,0.09320840984582901,0.02593393437564373,0.0
-0.7192827463150024,4.857327938079834,0.8869531750679016,0.17270125448703766,0.3958708941936493,0.8716921210289001,0.30207833647727966,0.19002918899059296,1.0,0.0,0.38414883613586426,0.10055086016654968,0.025987954810261726,0.0
-0.71635502576828,4.787622928619385,0.8745658993721008,0.15908564627170563,0.4061911702156067,0.873127818107605,0.26906919479370117,0.17864808440208435,1.0,0.0,0.4047699570655823,0.10544941574335098,0.026055358350276947,0.0
-0.6990343928337097,4.87059211730957,0.8700456023216248,0.16928139328956604,0.40490999817848206,0.8740636110305786,0.3014187514781952,0.17301221191883087,1.0,0.0,0.36789900064468384,0.08067568391561508,0.02610902674496174,0.0
-0.755820095539093,4.8315839767456055,0.8856205344200134,0.17827308177947998,0.40426406264305115,0.8771685361862183,0.2906045615673065,0.18904653191566467,1.0,0.0,0.39428770542144775,0.09262578934431076,0.02615976892411709,0.0
-0.722128689289093,4.9517903327941895,0.8497624397277832,0.16321392357349396,0.43468233942985535,0.866821825504303,0.284269243478775,0.16590876877307892,1.0,0.0,0.36476442217826843,0.09898732602596283,0.026202986016869545,0.0
-0.7255492806434631,4.677373886108398,0.8803869485855103,0.19020897150039673,0.3889586627483368,0.8451366424560547,0.29765787720680237,0.19679394364356995,1.0,0.0,0.3819989562034607,0.12127773463726044,0.02621111460030079,0.0
-0.6954939961433411,4.694182872772217,0.8632850646972656,0.17734330892562866,0.4170282483100891,0.8715988993644714,0.291291207075119,0.19725903868675232,1.0,0.0,0.37126314640045166,0.09985322505235672,0.02622579224407673,0.0
-0.6665962934494019,4.719868183135986,0.8792211413383484,0.14283201098442078,0.4286052882671356,0.8595184683799744,0.2929307818412781,0.162704735994339,1.0,0.0,0.3855587840080261,0.09629456698894501,0.026242632418870926,0.0
-0.6754037141799927,4.715546607971191,0.8976374864578247,0.20948439836502075,0.4180358946323395,0.8762869834899902,0.3445902466773987,0.21155034005641937,1.0,0.0,0.35231584310531616,0.08459921926259995,0.02624077908694744,0.0
-0.6760185360908508,4.963005542755127,0.8996303677558899,0.16506536304950714,0.4373515248298645,0.9077844619750977,0.30256137251853943,0.1770058423280716,1.0,0.0,0.39633792638778687,0.100468210875988,0.026263663545250893,0.0
-0.6373221278190613,4.752786159515381,0.8886526226997375,0.18342353403568268,0.40350571274757385,0.8692950010299683,0.30657529830932617,0.18775799870491028,1.0,0.0,0.38134539127349854,0.09681792557239532,0.026294592767953873,0.0
-0.621708333492279,4.730201244354248,0.9009931683540344,0.17590050399303436,0.4186954200267792,0.854503333568573,0.3166058659553528,0.1982296109199524,1.0,0.0,0.3836542069911957,0.10517391562461853,0.026324249804019928,0.0
-0.6089571118354797,4.767553329467773,0.8943514227867126,0.1626204401254654,0.42202258110046387,0.8859106302261353,0.3086714446544647,0.19824786484241486,1.0,0.0,0.3849451541900635,0.08725104480981827,0.026406625285744667,0.0
-0.5846403241157532,4.715236663818359,0.9125856757164001,0.1753314882516861,0.41525503993034363,0.8817052245140076,0.3346599042415619,0.19795627892017365,1.0,0.0,0.37718918919563293,0.09156809002161026,0.026503177359700203,0.0
-0.6028233170509338,4.653525352478027,0.9119958877563477,0.16842389106750488,0.4020841717720032,0.8754980564117432,0.3256884217262268,0.18618358671665192,1.0,0.0,0.38556891679763794,0.09609971940517426,0.0266021229326725,0.0
-0.5476721525192261,4.802458763122559,0.8856054544448853,0.13866496086120605,0.45515966415405273,0.8804513812065125,0.29441317915916443,0.16472779214382172,1.0,0.0,0.3904516100883484,0.08154509961605072,0.026706982403993607,0.0
-0.5748916864395142,4.729911804199219,0.9124521613121033,0.17900843918323517,0.44002634286880493,0.8795870542526245,0.34326425194740295,0.19361627101898193,1.0,0.0,0.36844366788864136,0.08283733576536179,0.02681865729391575,0.0
-0.6061995625495911,4.680548667907715,0.9075986742973328,0.1825793832540512,0.42720720171928406,0.8680869340896606,0.31118133664131165,0.19814340770244598,1.0,0.0,0.3956685960292816,0.08052817732095718,0.02696010284125805,0.0
-0.5135442018508911,4.733491897583008,0.8941823840141296,0.13967366516590118,0.4326443672180176,0.8844215869903564,0.3185482621192932,0.1658206284046173,1.0,0.0,0.3748793303966522,0.08402630686759949,0.02717200480401516,0.0
-0.5707420110702515,4.808813571929932,0.8978021740913391,0.15944379568099976,0.452048122882843,0.9022023677825928,0.3215341866016388,0.18084457516670227,1.0,0.0,0.3755074739456177,0.07786183804273605,0.027381250634789467,0.0
-0.5627650618553162,4.71369743347168,0.9010300040245056,0.14600412547588348,0.4296186566352844,0.883031964302063,0.32575470209121704,0.17868275940418243,1.0,0.0,0.37450891733169556,0.09145401418209076,0.027572961524128914,0.0
-0.5512606501579285,4.642831325531006,0.8861220479011536,0.1762336641550064,0.4302438795566559,0.8659171462059021,0.3224201202392578,0.18895815312862396,1.0,0.0,0.36292922496795654,0.0757112130522728,0.027768254280090332,0.0
-0.563887894153595,4.720127582550049,0.8972469568252563,0.16570617258548737,0.43018895387649536,0.9071702361106873,0.3374713659286499,0.17897246778011322,1.0,0.0,0.35899657011032104,0.09123758226633072,0.027971176430583,0.0
-0.494966596364975,4.634173393249512,0.8723045587539673,0.1400187909603119,0.4408745765686035,0.9140980243682861,0.3341487944126129,0.1612343192100525,1.0,0.0,0.3373711109161377,0.07815759629011154,0.028197837993502617,0.0
-0.48044005036354065,4.550943851470947,0.8566585779190063,0.13570170104503632,0.4474085867404938,0.8856068849563599,0.3274083733558655,0.1594391018152237,1.0,0.0,0.32846009731292725,0.0822165384888649,0.028424687683582306,0.0
-0.5309449434280396,4.6228203773498535,0.8691847920417786,0.17254392802715302,0.41927987337112427,0.8739331960678101,0.3194480538368225,0.18427196145057678,1.0,0.0,0.3489415645599365,0.0982021912932396,0.02866329625248909,0.0
-0.511907696723938,4.787827014923096,0.8628676533699036,0.15153615176677704,0.4600040018558502,0.916784405708313,0.3102923631668091,0.17164064943790436,1.0,0.0,0.35177531838417053,0.08794118463993073,0.028883950784802437,0.0
-0.533322274684906,4.330427646636963,0.8655399680137634,0.16504453122615814,0.4043152928352356,0.8416717648506165,0.3041877746582031,0.17885173857212067,1.0,0.0,0.36054760217666626,0.1057598888874054,0.029073933139443398,0.0
-0.5138301253318787,4.609720706939697,0.8848127722740173,0.16817909479141235,0.4462597966194153,0.9088850617408752,0.33553048968315125,0.1918756514787674,1.0,0.0,0.34847283363342285,0.07176130264997482,0.02924049273133278,0.0
-0.45779916644096375,4.679611682891846,0.8797146081924438,0.16248370707035065,0.43973150849342346,0.9061622619628906,0.33843880891799927,0.18342097103595734,1.0,0.0,0.3404616117477417,0.09055458009243011,0.029412155970931053,0.0
-0.4933793246746063,4.491033554077148,0.8753499984741211,0.15875133872032166,0.4216775894165039,0.8943529725074768,0.32732725143432617,0.19019071757793427,1.0,0.0,0.34720441699028015,0.09579375386238098,0.029531817883253098,0.0
-0.46797019243240356,4.625582218170166,0.8749203085899353,0.16705061495304108,0.4389827847480774,0.9062116146087646,0.3308880925178528,0.18218405544757843,1.0,0.0,0.34320884943008423,0.10324646532535553,0.02964262291789055,0.0
-0.40718117356300354,4.587252140045166,0.8879784941673279,0.17244575917720795,0.44704046845436096,0.8898537158966064,0.3587793707847595,0.1803295761346817,1.0,0.0,0.32837069034576416,0.09407172352075577,0.029758771881461143,0.0
-0.40929850935935974,4.615020275115967,0.9001324772834778,0.16508938372135162,0.45708057284355164,0.8993021249771118,0.3720502555370331,0.18824857473373413,1.0,0.0,0.3272492289543152,0.0954190269112587,0.029867814853787422,0.0
-0.40564098954200745,4.487827301025391,0.85804283618927,0.14733505249023438,0.46479102969169617,0.8905699253082275,0.3301829993724823,0.17185671627521515,1.0,0.0,0.3270234763622284,0.0859193503856659,0.029927296563982964,0.0
-0.45124903321266174,4.624518394470215,0.8866292834281921,0.1676037311553955,0.4575327932834625,0.912128210067749,0.33135056495666504,0.19329437613487244,1.0,0.0,0.3544391095638275,0.093007393181324,0.02997376210987568,0.0
-0.4694235920906067,4.698940753936768,0.9067291617393494,0.1843324601650238,0.4484199583530426,0.9002645015716553,0.3586500585079193,0.19476495683193207,1.0,0.0,0.34723663330078125,0.10010889172554016,0.030047183856368065,0.0
-0.34379225969314575,4.637404441833496,0.8743640184402466,0.13950258493423462,0.47529688477516174,0.9130299687385559,0.34322500228881836,0.1772327721118927,1.0,0.0,0.3302951157093048,0.08536539226770401,0.03009544312953949,0.0
-0.43471193313598633,4.558156967163086,0.8857594728469849,0.14675644040107727,0.45826083421707153,0.9014934301376343,0.32947608828544617,0.1730692982673645,1.0,0.0,0.355437695980072,0.1084328293800354,0.03010450303554535,0.0
-0.4514772593975067,4.530590057373047,0.8723695874214172,0.1448087841272354,0.4596084654331207,0.897939920425415,0.31291663646698,0.18800856173038483,1.0,0.0,0.35860517621040344,0.1061643436551094,0.0301301721483469,0.0
-0.3839181065559387,4.715305805206299,0.866942822933197,0.137587308883667,0.4875786006450653,0.9047138690948486,0.31809934973716736,0.17038677632808685,1.0,0.0,0.3479936718940735,0.09333088994026184,0.03009512834250927,0.0
-0.39504191279411316,4.531585216522217,0.8610584139823914,0.1371575891971588,0.465036004781723,0.9053452610969543,0.3231324255466461,0.1718052178621292,1.0,0.0,0.33707451820373535,0.10235562175512314,0.030076326802372932,0.0
-0.421077698469162,4.612931251525879,0.8920900225639343,0.1825489103794098,0.45115119218826294,0.89546138048172,0.3464416265487671,0.19943788647651672,1.0,0.0,0.3447957932949066,0.09328442811965942,0.030029498040676117,0.0
-0.415743350982666,4.488040924072266,0.8836698532104492,0.14330415427684784,0.4427452087402344,0.9000062346458435,0.3480616509914398,0.1771448850631714,1.0,0.0,0.3347551226615906,0.1110074520111084,0.029990075156092644,0.0
-0.39672166109085083,4.486379146575928,0.8502508401870728,0.14054983854293823,0.46783849596977234,0.8999613523483276,0.3297812044620514,0.1613539308309555,1.0,0.0,0.31961649656295776,0.08915577083826065,0.029977664351463318,0.0
-0.5116741061210632,4.664874076843262,0.9134752154350281,0.19412824511528015,0.44188520312309265,0.9106436371803284,0.3716009259223938,0.2046806365251541,1.0,0.0,0.3410212993621826,0.10124661773443222,0.02997749112546444,0.0
-0.5005556344985962,4.550785064697266,0.8835558295249939,0.18919490277767181,0.43171340227127075,0.8940684795379639,0.32361099123954773,0.19627417623996735,1.0,0.0,0.3590907156467438,0.11473174393177032,0.02995433285832405,0.0
-0.42997676134109497,4.5377678871154785,0.8868406414985657,0.14168702065944672,0.4566580355167389,0.898317813873291,0.34428444504737854,0.17372222244739532,1.0,0.0,0.34170156717300415,0.10303282737731934,0.029912101104855537,0.0
-0.46444398164749146,4.596108436584473,0.9003467559814453,0.1786869913339615,0.4569070041179657,0.9154201745986938,0.3598202168941498,0.1938156932592392,1.0,0.0,0.3396715521812439,0.11423682421445847,0.02988571487367153,0.0
-0.36348018050193787,4.420897960662842,0.9007629752159119,0.15278905630111694,0.45400306582450867,0.8927546739578247,0.37849441170692444,0.20067426562309265,1.0,0.0,0.32141387462615967,0.11226055026054382,0.02977745793759823,0.0
-0.36413052678108215,4.671802520751953,0.8917250037193298,0.16144566237926483,0.4824332296848297,0.9066333770751953,0.35962924361228943,0.18598152697086334,1.0,0.0,0.331241250038147,0.09568485617637634,0.02964670956134796,0.0
-0.37678849697113037,4.5244221687316895,0.894595742225647,0.14087633788585663,0.4639718234539032,0.9232260584831238,0.36324501037597656,0.18519091606140137,1.0,0.0,0.3304954767227173,0.11270766705274582,0.029502535238862038,0.0
-0.39862072467803955,4.625319480895996,0.8800317645072937,0.15426571667194366,0.46887823939323425,0.9119243621826172,0.34240421652793884,0.1849963665008545,1.0,0.0,0.336771160364151,0.1067664623260498,0.029389111325144768,0.0
-0.2104630321264267,4.676000118255615,0.9001467823982239,0.16620300710201263,0.5016927123069763,0.9302980899810791,0.39771172404289246,0.18986862897872925,1.0,0.0,0.3015778064727783,0.1030692532658577,0.029249032959342003,0.0
-0.23657219111919403,4.486340045928955,0.9156891107559204,0.13855354487895966,0.4702368676662445,0.9309021234512329,0.40158358216285706,0.18035991489887238,1.0,0.0,0.31324636936187744,0.11405777186155319,0.029121115803718567,0.0
-0.34798404574394226,4.574784278869629,0.8966870307922363,0.14492996037006378,0.4840039312839508,0.9250706434249878,0.3555232882499695,0.20354342460632324,1.0,0.0,0.34030261635780334,0.11144495010375977,0.02900543250143528,0.0
-0.3629644811153412,4.526699542999268,0.9164204001426697,0.1697397232055664,0.4511243999004364,0.9198858737945557,0.4060700833797455,0.19360990822315216,1.0,0.0,0.3094870448112488,0.10066736489534378,0.02892153151333332,0.0
-0.3094465434551239,4.63804292678833,0.9004238247871399,0.16124604642391205,0.47520938515663147,0.9484810829162598,0.38118502497673035,0.18438489735126495,1.0,0.0,0.31837403774261475,0.09161479771137238,0.028825998306274414,0.0
-0.2959025502204895,4.583799839019775,0.8739984631538391,0.13793395459651947,0.48805075883865356,0.9341116547584534,0.34276658296585083,0.18919724225997925,1.0,0.0,0.3303656578063965,0.11169740557670593,0.02871008962392807,0.0
-0.22648607194423676,4.422079086303711,0.8823796510696411,0.14857009053230286,0.4758490025997162,0.9274348616600037,0.3708826005458832,0.1842993050813675,1.0,0.0,0.31062933802604675,0.10893925279378891,0.028598831966519356,0.0
-0.3246184289455414,4.420398235321045,0.8963017463684082,0.167022705078125,0.45751020312309265,0.9168730974197388,0.37123650312423706,0.1966029405593872,1.0,0.0,0.32419610023498535,0.09457165747880936,0.028495486825704575,0.0
-0.20369553565979004,4.473495006561279,0.9003542065620422,0.15405850112438202,0.4925515651702881,0.9398185610771179,0.414722740650177,0.18859633803367615,1.0,0.0,0.2847612500190735,0.09701437503099442,0.028473807498812675,0.0
-0.3460998237133026,4.40966796875,0.8814243674278259,0.156858429312706,0.44549131393432617,0.9166470170021057,0.37681475281715393,0.19076086580753326,1.0,0.0,0.30373895168304443,0.102393738925457,0.028495321050286293,0.0
-0.3551536202430725,4.4702911376953125,0.893973171710968,0.1856675148010254,0.4407722055912018,0.9113943576812744,0.37762126326560974,0.1986667662858963,1.0,0.0,0.31548115611076355,0.09107672423124313,0.028554338961839676,0.0
-0.32784900069236755,4.473714828491211,0.8816162347793579,0.1785765439271927,0.4586798846721649,0.9164524674415588,0.38254743814468384,0.19039997458457947,1.0,0.0,0.2981979250907898,0.08088774979114532,0.028601186349987984,0.0
-0.3445989191532135,4.6762566566467285,0.8733617067337036,0.14101345837116241,0.49416524171829224,0.9523123502731323,0.36078378558158875,0.1691431850194931,1.0,0.0,0.31170690059661865,0.10440164804458618,0.028656261041760445,0.0
-0.2680668830871582,4.450196266174316,0.8902384638786316,0.15308624505996704,0.47879019379615784,0.9225103855133057,0.38196101784706116,0.18564070761203766,1.0,0.0,0.3074062466621399,0.11074088513851166,0.028743766248226166,0.0
-0.25277289748191833,4.457120895385742,0.8691608309745789,0.16760030388832092,0.4757060110569,0.9239414930343628,0.3727366030216217,0.1828051656484604,1.0,0.0,0.2955528199672699,0.10539498925209045,0.02885735034942627,0.0
-0.348595529794693,4.412580490112305,0.8781232833862305,0.14816418290138245,0.4440314769744873,0.9298896789550781,0.36997339129447937,0.18052774667739868,1.0,0.0,0.3072786331176758,0.12476859241724014,0.028967058286070824,0.0
-0.2933703362941742,4.4825334548950195,0.8772917985916138,0.16311095654964447,0.4778079092502594,0.9350731372833252,0.38189586997032166,0.18475784361362457,1.0,0.0,0.2945241630077362,0.09240149706602097,0.02908933535218239,0.0
-0.32841309905052185,4.432081699371338,0.8842254877090454,0.17113690078258514,0.44563552737236023,0.9111128449440002,0.376363605260849,0.18437603116035461,1.0,0.0,0.3069893419742584,0.10613885521888733,0.029264895245432854,0.0
-0.2594428062438965,4.4257731437683105,0.8808832168579102,0.14366379380226135,0.5062713027000427,0.9415256977081299,0.38044294714927673,0.1810920536518097,1.0,0.0,0.299565851688385,0.10440023243427277,0.029476596042513847,0.0
-0.29328304529190063,4.4638776779174805,0.8901254534721375,0.1641691029071808,0.46866390109062195,0.9406958222389221,0.3904085159301758,0.18360662460327148,1.0,0.0,0.29883986711502075,0.08547154814004898,0.029679840430617332,0.0
-0.284654438495636,4.425088882446289,0.8729848265647888,0.17278194427490234,0.46469375491142273,0.9082181453704834,0.3528829514980316,0.18244509398937225,1.0,0.0,0.3192216157913208,0.10492853820323944,0.02989210933446884,0.0
-0.24462416768074036,4.239016532897949,0.8833694458007812,0.15002770721912384,0.4588640332221985,0.915453314781189,0.39621543884277344,0.17900101840496063,1.0,0.0,0.2862704396247864,0.09950432926416397,0.030106760561466217,0.0
-0.3641258180141449,4.419814586639404,0.8853318095207214,0.15216362476348877,0.45462438464164734,0.931289792060852,0.3497947156429291,0.19618915021419525,1.0,0.0,0.3346503973007202,0.12504811584949493,0.030293934047222137,0.0
-0.35952720046043396,4.381053924560547,0.8992651104927063,0.17930127680301666,0.4387596547603607,0.933525800704956,0.37262189388275146,0.19826336205005646,1.0,0.0,0.3257526159286499,0.11701010912656784,0.030471229925751686,0.0
-0.3427124321460724,4.43604040145874,0.8869735598564148,0.1794096976518631,0.4471552073955536,0.9200893640518188,0.36646148562431335,0.19072481989860535,1.0,0.0,0.31961795687675476,0.104241281747818,0.030592570081353188,0.0
-0.33154401183128357,4.333630561828613,0.8699488043785095,0.15592069923877716,0.4721660614013672,0.9211341738700867,0.34351253509521484,0.18372459709644318,1.0,0.0,0.3255388140678406,0.10843998938798904,0.03069215454161167,0.0
-0.3588846027851105,4.268301486968994,0.8864458203315735,0.14033691585063934,0.459665447473526,0.9102601408958435,0.34977564215660095,0.18585966527462006,1.0,0.0,0.33576905727386475,0.13340133428573608,0.03075440786778927,0.0
-0.3276439309120178,4.399085521697998,0.8963035941123962,0.16901639103889465,0.4615260064601898,0.9216989278793335,0.3646852970123291,0.19166265428066254,1.0,0.0,0.3307132422924042,0.11654443293809891,0.030743256211280823,0.0
-0.33227473497390747,4.363148212432861,0.8960235714912415,0.18245819211006165,0.4593672752380371,0.9326245188713074,0.3748389780521393,0.1957881897687912,1.0,0.0,0.32027554512023926,0.10626242309808731,0.030776312574744225,0.0
-0.3236057162284851,4.1490631103515625,0.8786361813545227,0.14647530019283295,0.4337569773197174,0.887262761592865,0.3470214903354645,0.18769975006580353,1.0,0.0,0.33070170879364014,0.13025900721549988,0.030834829434752464,0.0
-0.3760013282299042,4.234646320343018,0.8977934718132019,0.16636253893375397,0.42781946063041687,0.8946239948272705,0.36912718415260315,0.1918080598115921,1.0,0.0,0.32774990797042847,0.11235567182302475,0.03090638853609562,0.0
