drive_mean,drive_std,resistance_mean,resistance_std,energy_mean,energy_std,gate_mean,gate_std,ambiguity_mean,ambiguity_std,ambiguity_weight_mean,ambiguity_weight_std,sample_uncertainty_mean,sample_uncertainty_std,prototype_diversity_penalty_mean,prototype_diversity_penalty_std,gate_activation_rate
0.01487073302268982,0.1910792738199234,0.12091028690338135,0.30589181184768677,-0.8671757578849792,0.336475670337677,0.2689448297023773,9.9384349596221e-05,0.23196034133434296,0.11761315912008286,0.006666666362434626,0.0,0.6931471824645996,0.0,0.014430590905249119,0.0,0.2689448297023773
0.020526330918073654,0.25599735975265503,0.12137008458375931,0.30704212188720703,-0.8665700554847717,0.3382631242275238,0.2689547538757324,0.00019163134857080877,0.3567602336406708,0.11393704265356064,0.013333332724869251,0.0,0.6933008432388306,6.007732736179605e-05,0.01444768812507391,0.0,0.2689547538757324
0.021396063268184662,0.29028579592704773,0.12166232615709305,0.30804625153541565,-0.8664222955703735,0.33856019377708435,0.2689805328845978,0.0003031153173651546,0.43736472725868225,0.13696609437465668,0.019999999552965164,0.0,0.6921395063400269,0.00017801852663978934,0.014469634741544724,0.0,0.2689805328845978
0.020943788811564445,0.30872073769569397,0.12199123948812485,0.308902770280838,-0.8664540648460388,0.338643342256546,0.2689799666404724,0.0003757601953111589,0.4696291983127594,0.14677461981773376,0.026666665449738503,0.0,0.6908531188964844,0.0004568316217046231,0.014519037678837776,0.0,0.2689799666404724
0.01831691339612007,0.32731330394744873,0.1222812607884407,0.30965614318847656,-0.8665334582328796,0.33820438385009766,0.26901209354400635,0.0004505018296185881,0.4807429313659668,0.1721230000257492,0.03333333879709244,0.0,0.689542829990387,0.0007318840362131596,0.014553441666066647,0.0,0.26901209354400635
0.02027333900332451,0.34083157777786255,0.12252498418092728,0.31066200137138367,-0.8659552931785583,0.33871588110923767,0.26909559965133667,0.0005160188302397728,0.5129521489143372,0.15366125106811523,0.03999999910593033,0.0,0.6878393888473511,0.0010196380317211151,0.014659397304058075,0.0,0.26909559965133667
0.023163165897130966,0.3598681390285492,0.12288299947977066,0.31216683983802795,-0.865208625793457,0.33939129114151,0.26920285820961,0.0005751887219958007,0.564642608165741,0.15820491313934326,0.046666666865348816,0.0,0.6861699223518372,0.00125024258159101,0.014806787483394146,0.0,0.26920285820961
0.023195553570985794,0.3730927109718323,0.12295713275671005,0.3132704794406891,-0.8646303415298462,0.33935073018074036,0.26933085918426514,0.0006267494172789156,0.5788426995277405,0.15598326921463013,0.053333330899477005,0.0,0.6845066547393799,0.0018878423143178225,0.015014735981822014,0.0,0.26933085918426514
0.025193391367793083,0.39320793747901917,0.1232408881187439,0.3151719272136688,-0.8638097643852234,0.3397842347621918,0.26947543025016785,0.0006713011534884572,0.623332679271698,0.15233121812343597,0.05999999865889549,0.0,0.6830654144287109,0.0024077696725726128,0.015292533673346043,0.0,0.26947543025016785
0.024554146453738213,0.4038516879081726,0.12322699278593063,0.3165006637573242,-0.8631977438926697,0.3394940197467804,0.2696289122104645,0.0007100136135704815,0.6328508257865906,0.1528381109237671,0.06666667759418488,0.0,0.6816105246543884,0.0027100839652121067,0.01566150411963463,0.0,0.2696289122104645
0.025306889787316322,0.4243212044239044,0.12333483248949051,0.31824976205825806,-0.8624064922332764,0.3395695090293884,0.2697972357273102,0.0007468481780961156,0.6736704707145691,0.1714501827955246,0.07333333790302277,0.0,0.6788971424102783,0.0031286212615668774,0.016139842569828033,0.0,0.2697972357273102
0.02632913552224636,0.4438268542289734,0.12354686111211777,0.32071805000305176,-0.8615562915802002,0.33962371945381165,0.269980788230896,0.0007792459218762815,0.7249953746795654,0.16190312802791595,0.07999999821186066,0.0,0.6767460107803345,0.0038443950470536947,0.016703976318240166,0.0,0.269980788230896
0.026051567867398262,0.4557400345802307,0.12330770492553711,0.3222220540046692,-0.8607760667800903,0.3393734097480774,0.27016764879226685,0.0008105583256110549,0.7359269857406616,0.17013202607631683,0.08666666597127914,0.0,0.6745010614395142,0.00498521002009511,0.01744140312075615,0.0,0.27016764879226685
0.024400824680924416,0.4764750003814697,0.12307044863700867,0.323731005191803,-0.8600661158561707,0.3388966917991638,0.27036914229393005,0.0008456757641397417,0.7560345530509949,0.1814921498298645,0.09333333373069763,0.0,0.6712340712547302,0.006262806244194508,0.018308445811271667,0.0,0.27036914229393005
0.02740822359919548,0.5022178292274475,0.12307606637477875,0.32635703682899475,-0.8588234186172485,0.33960074186325073,0.270585834980011,0.0008891972247511148,0.7957486510276794,0.19255520403385162,0.10000000149011612,0.0,0.6688108444213867,0.008795899339020252,0.019325662404298782,0.0,0.270585834980011
0.029582668095827103,0.5245261192321777,0.12318151444196701,0.3287597894668579,-0.8578053116798401,0.34025925397872925,0.27076050639152527,0.0009477266576141119,0.8298860788345337,0.19633983075618744,0.10666666179895401,0.0,0.6659489870071411,0.010893461294472218,0.02045789361000061,0.0,0.27076050639152527
0.03189704194664955,0.5611016750335693,0.12379458546638489,0.3326955735683441,-0.8566812872886658,0.3411715030670166,0.2709573805332184,0.001008017803542316,0.9019644856452942,0.19040635228157043,0.1133333370089531,0.0,0.6627398729324341,0.014697946608066559,0.021757910028100014,0.0,0.2709573805332184
0.03624361380934715,0.6028581261634827,0.12410353869199753,0.33659490942955017,-0.8552328944206238,0.34277206659317017,0.27116915583610535,0.0010871676495298743,0.9540063142776489,0.17347298562526703,0.11999999731779099,0.0,0.6604765057563782,0.019665004685521126,0.023221762850880623,0.0,0.27116915583610535
0.03920304402709007,0.6401761174201965,0.12395570427179337,0.33982032537460327,-0.853862464427948,0.34387415647506714,0.2714029550552368,0.0011648795334622264,0.992311954498291,0.18654417991638184,0.12666666507720947,0.0,0.656987190246582,0.025593576952815056,0.024852348491549492,0.0,0.2714029550552368
0.04331791773438454,0.6457553505897522,0.123386912047863,0.3420940339565277,-0.8525751829147339,0.34437164664268494,0.2716295123100281,0.0012481147423386574,0.9906207323074341,0.21566303074359894,0.13333335518836975,0.0,0.6553472280502319,0.02792244218289852,0.026600848883390427,0.0,0.2716295123100281
0.04698888212442398,0.6781622767448425,0.12259875237941742,0.344740092754364,-0.8511464595794678,0.3450809419155121,0.2719058692455292,0.0013425091747194529,1.0528643131256104,0.212784543633461,0.14000001549720764,0.0,0.6456171274185181,0.03595994785428047,0.028488997370004654,0.0,0.2719058692455292
0.05124292150139809,0.7273896336555481,0.12305589765310287,0.35112667083740234,-0.8493541479110718,0.34678715467453003,0.27219775319099426,0.0014617389533668756,1.100307583808899,0.20493647456169128,0.14666667580604553,0.0,0.6478506326675415,0.04232293739914894,0.030538693070411682,0.0,0.27219775319099426
0.05481501668691635,0.7354457974433899,0.11992284655570984,0.3499530255794525,-0.8478552103042603,0.34662526845932007,0.2725237011909485,0.0015786801232025027,1.091594934463501,0.24810965359210968,0.15333333611488342,0.0,0.6348451375961304,0.04493435472249985,0.03273383900523186,0.0,0.2725237011909485
0.055023666471242905,0.825975239276886,0.12004311382770538,0.35695579648017883,-0.8458737134933472,0.34918418526649475,0.27285709977149963,0.0017757501918822527,1.166486382484436,0.2403286248445511,0.1599999964237213,0.0,0.6322036981582642,0.05722377076745033,0.03505776450037956,0.0,0.27285709977149963
0.061239179223775864,0.8667307496070862,0.11761580407619476,0.3596952259540558,-0.8436335325241089,0.3508153557777405,0.27323949337005615,0.001963049406185746,1.1950006484985352,0.24985851347446442,0.1666666716337204,0.0,0.62289959192276,0.06391961872577667,0.037566281855106354,0.0,0.27323949337005615
0.06843577325344086,0.9145188331604004,0.11561368405818939,0.3654181957244873,-0.84115070104599,0.35280027985572815,0.2736603617668152,0.0022109379060566425,1.2314850091934204,0.2403566986322403,0.1733333319425583,0.0,0.6195253729820251,0.07162202149629593,0.04020095616579056,0.0,0.2736603617668152
0.07162898778915405,0.9688096642494202,0.11421415209770203,0.3680030107498169,-0.8394432067871094,0.35562390089035034,0.27386903762817383,0.0024581251200288534,1.268563151359558,0.24590377509593964,0.18000000715255737,0.0,0.6079456806182861,0.0782531350851059,0.04288993030786514,0.0,0.27386903762817383
0.06972295790910721,0.9765961766242981,0.11380729079246521,0.3673689067363739,-0.8391698002815247,0.3562840521335602,0.2738894522190094,0.0025859756860882044,1.2632663249969482,0.2767665684223175,0.18666666746139526,0.0,0.5966917276382446,0.08331871777772903,0.04564381390810013,0.0,0.2738894522190094
0.07167072594165802,0.9987169504165649,0.11330646276473999,0.3678223490715027,-0.8379687666893005,0.3585191071033478,0.2739843726158142,0.002702275523915887,1.2408638000488281,0.3054710328578949,0.19333332777023315,0.0,0.5916892290115356,0.0851210504770279,0.04853960871696472,0.0,0.2739843726158142
0.07538953423500061,1.069600224494934,0.11126916855573654,0.36871564388275146,-0.8357787132263184,0.36249902844429016,0.2742202877998352,0.002886859467253089,1.2581088542938232,0.3302994966506958,0.20000000298023224,0.0,0.577314019203186,0.09493489563465118,0.051523357629776,0.0,0.2742202877998352
0.07804761826992035,1.1767349243164062,0.11199276149272919,0.37848609685897827,-0.8329886794090271,0.368434339761734,0.2744947373867035,0.0032476414926350117,1.3546816110610962,0.26229411363601685,0.20666666328907013,0.0,0.5722231864929199,0.10237037390470505,0.05456828325986862,0.0,0.2744947373867035
0.07767549902200699,1.2473677396774292,0.10970065742731094,0.3802129030227661,-0.831080436706543,0.3720133304595947,0.2747279405593872,0.003557089949026704,1.3791037797927856,0.2685781717300415,0.21333332359790802,0.0,0.5559937953948975,0.10900812596082687,0.05767692252993584,0.0,0.2747279405593872
0.08536036312580109,1.2934918403625488,0.10967083275318146,0.3881860375404358,-0.8289339542388916,0.3766097128391266,0.27488094568252563,0.003934510983526707,1.4147987365722656,0.25817668437957764,0.2199999839067459,0.0,0.5554944276809692,0.10642505437135696,0.06072020158171654,0.0,0.27488094568252563
0.06139175593852997,1.3239117860794067,0.11122438311576843,0.3765869140625,-0.8306096792221069,0.37759602069854736,0.2745296359062195,0.0038721582386642694,1.3886018991470337,0.2618216574192047,0.2266666740179062,0.0,0.5225223302841187,0.10930684208869934,0.06371050328016281,0.0,0.2745296359062195
0.055084727704524994,1.358506441116333,0.11276637017726898,0.37436747550964355,-0.8305875658988953,0.3806052803993225,0.2743605673313141,0.003961329814046621,1.3886518478393555,0.2749383747577667,0.23333333432674408,0.0,0.5072722434997559,0.1075977087020874,0.06656824797391891,0.0,0.2743605673313141
0.055489882826805115,1.36164128780365,0.11447352916002274,0.37249648571014404,-0.830471396446228,0.3834114968776703,0.27417081594467163,0.003948259633034468,1.384501576423645,0.25775808095932007,0.23999999463558197,0.0,0.49588292837142944,0.10288691520690918,0.06927353888750076,0.0,0.27417081594467163
0.05739540979266167,1.43193781375885,0.11459322273731232,0.3753734529018402,-0.829075038433075,0.3885827362537384,0.2741438150405884,0.004332416225224733,1.4235271215438843,0.28003576397895813,0.24666666984558105,0.0,0.47947922348976135,0.10106958448886871,0.07183536887168884,0.0,0.2741438150405884
0.03813527897000313,1.4101088047027588,0.11596308648586273,0.36497825384140015,-0.8315603137016296,0.38734492659568787,0.27374494075775146,0.004344863351434469,1.378157615661621,0.3196902573108673,0.25333333015441895,0.0,0.45385879278182983,0.08968242257833481,0.07426653057336807,0.0,0.27374494075775146
0.03470297157764435,1.4640406370162964,0.1166490912437439,0.3603273034095764,-0.8308969736099243,0.3928753733634949,0.2735379934310913,0.004401261918246746,1.3835251331329346,0.3252010941505432,0.25999999046325684,0.0,0.43042612075805664,0.08976084738969803,0.07649428397417068,0.0,0.2735379934310913
0.03472958505153656,1.54443359375,0.11952083557844162,0.36436283588409424,-0.829666256904602,0.3994113802909851,0.27340057492256165,0.004475343972444534,1.452891230583191,0.2920176386833191,0.2666667103767395,0.0,0.41769087314605713,0.08795852959156036,0.07841400057077408,0.0,0.27340057492256165
0.01860147900879383,1.5551291704177856,0.1231282502412796,0.3603881597518921,-0.8316394686698914,0.40009111166000366,0.2729988694190979,0.004582887515425682,1.4508723020553589,0.3069098889827728,0.2733333706855774,0.0,0.4005810618400574,0.08050288259983063,0.08032684773206711,0.0,0.2729988694190979
0.014703617431223392,1.5492023229599,0.12215343862771988,0.35084959864616394,-0.8321722149848938,0.40176141262054443,0.27276504039764404,0.0045576514676213264,1.4278169870376587,0.3101685345172882,0.2800000309944153,0.0,0.37212589383125305,0.0703354924917221,0.0821160301566124,0.0,0.27276504039764404
0.0011254569981247187,1.699494481086731,0.12349066138267517,0.3492414951324463,-0.8305129408836365,0.4117724895477295,0.27254968881607056,0.004922780208289623,1.4694677591323853,0.2727782726287842,0.2866666913032532,0.0,0.3417642414569855,0.0759313777089119,0.08381979912519455,0.0,0.27254968881607056
0.008646318688988686,1.6135774850845337,0.12262829393148422,0.34201735258102417,-0.8318310976028442,0.4089393615722656,0.2723780870437622,0.004460111726075411,1.4233953952789307,0.33466437458992004,0.29333335161209106,0.0,0.33428341150283813,0.08043131977319717,0.08534517139196396,0.0,0.2723780870437622
-0.008850459940731525,1.6248677968978882,0.12071550637483597,0.3276306390762329,-0.8329024910926819,0.4115343391895294,0.2720332741737366,0.004552584141492844,1.397749900817871,0.3065703511238098,0.30000001192092896,0.0,0.2889631688594818,0.06816014647483826,0.0867392048239708,0.0,0.2720332741737366
-0.015195927582681179,1.7063709497451782,0.12467508018016815,0.329750657081604,-0.8329924941062927,0.41609883308410645,0.2717617154121399,0.004607984330505133,1.4359554052352905,0.34008118510246277,0.30666667222976685,0.0,0.27945777773857117,0.07810676097869873,0.08787994831800461,0.0,0.2717617154121399
-0.01104262750595808,1.6932505369186401,0.12456192821264267,0.32420679926872253,-0.832916259765625,0.41929489374160767,0.27152079343795776,0.004632848780602217,1.4175701141357422,0.3080693781375885,0.31333333253860474,0.0,0.25999563932418823,0.0738588497042656,0.08891160786151886,0.0,0.27152079343795776
-0.020065270364284515,1.7003947496414185,0.12553472816944122,0.31513530015945435,-0.8334076404571533,0.4236688017845154,0.27114635705947876,0.004786511417478323,1.3970329761505127,0.3374355733394623,0.3199999928474426,0.0,0.22865477204322815,0.06942451000213623,0.08988185971975327,0.0,0.27114635705947876
-0.007584721781313419,1.6000757217407227,0.12573696672916412,0.3146763741970062,-0.8345767855644226,0.41997766494750977,0.2710283696651459,0.004443181678652763,1.355450987815857,0.3522033393383026,0.3266666531562805,0.0,0.23752275109291077,0.08113526552915573,0.09067274630069733,0.0,0.2710283696651459
-0.015176905319094658,1.6104624271392822,0.12643636763095856,0.30693545937538147,-0.8346075415611267,0.42439931631088257,0.2707471251487732,0.004542738199234009,1.3527911901474,0.33010056614875793,0.3333333432674408,0.0,0.207745760679245,0.06803193688392639,0.09135758131742477,0.0,0.2707471251487732
-0.023207684978842735,1.6021074056625366,0.1266855001449585,0.3049379289150238,-0.8354997634887695,0.4249078333377838,0.2705727517604828,0.0048550511710345745,1.3124122619628906,0.3089105188846588,0.3400000035762787,0.0,0.20113179087638855,0.06264683604240417,0.09198210388422012,0.0,0.2705727517604828
-0.021495265886187553,1.5112613439559937,0.12670502066612244,0.3024595081806183,-0.8379617929458618,0.41866767406463623,0.27049076557159424,0.00445007486268878,1.3088725805282593,0.32880905270576477,0.3466666638851166,0.0,0.19516903162002563,0.07057314366102219,0.09256497025489807,0.0,0.27049076557159424
-0.00895818043500185,1.5273101329803467,0.12427438795566559,0.3022799789905548,-0.8358176946640015,0.4231093227863312,0.2705761194229126,0.0041954973712563515,1.3290871381759644,0.3328957259654999,0.35333332419395447,0.0,0.1802077293395996,0.07167807966470718,0.0932672768831253,0.0,0.2705761194229126
-0.015300356782972813,1.5254379510879517,0.12196788936853409,0.2992965579032898,-0.8362361788749695,0.4243714213371277,0.27049165964126587,0.004246686585247517,1.3053460121154785,0.35126277804374695,0.36000001430511475,0.0,0.16727951169013977,0.06517764180898666,0.09382759034633636,0.0,0.27049165964126587
-0.021273404359817505,1.4275895357131958,0.12381510436534882,0.2987971901893616,-0.839332640171051,0.4166083037853241,0.270357608795166,0.003820981364697218,1.2847846746444702,0.30067700147628784,0.36666667461395264,0.0,0.17833895981311798,0.0719330757856369,0.09445832669734955,0.0,0.270357608795166
-0.03222837299108505,1.640868067741394,0.12770049273967743,0.30287957191467285,-0.8363561034202576,0.43078911304473877,0.2701628804206848,0.004169479012489319,1.3540695905685425,0.3152065873146057,0.3733333349227905,0.0,0.15136876702308655,0.07867970317602158,0.09508573263883591,0.0,0.2701628804206848
-0.048922084271907806,1.769715666770935,0.13134706020355225,0.3071485161781311,-0.834872841835022,0.44162648916244507,0.2699185609817505,0.00481799291446805,1.3947457075119019,0.2990719676017761,0.3799999952316284,0.0,0.12748822569847107,0.05831006541848183,0.09559519588947296,0.0,0.2699185609817505
-0.040878601372241974,1.7867372035980225,0.13121452927589417,0.3100239336490631,-0.8343588709831238,0.4420228600502014,0.26996171474456787,0.004569176118820906,1.416675090789795,0.32282549142837524,0.3866666555404663,0.0,0.12023422122001648,0.055421456694602966,0.09615395963191986,0.0,0.26996171474456787
-0.042544130235910416,1.874600887298584,0.13355354964733124,0.31587278842926025,-0.8318278789520264,0.45132771134376526,0.2698964774608612,0.004814465995877981,1.4579933881759644,0.29095757007598877,0.3933333456516266,0.0,0.10792402923107147,0.05350353568792343,0.0966423898935318,0.0,0.2698964774608612
-0.047211602330207825,1.934049367904663,0.13399003446102142,0.3176373243331909,-0.8305936455726624,0.45644411444664,0.2698540687561035,0.0049459682777523994,1.4454021453857422,0.30627012252807617,0.4000000059604645,0.0,0.10515083372592926,0.05614663287997246,0.09710422158241272,0.0,0.2698540687561035
-0.04788823425769806,1.864874243736267,0.13286255300045013,0.31129443645477295,-0.8326476812362671,0.45064422488212585,0.269761860370636,0.004753551911562681,1.4058666229248047,0.3377467691898346,0.40666666626930237,0.0,0.09608367085456848,0.05761105194687843,0.09742388129234314,0.0,0.269761860370636
-0.05168382450938225,2.001955270767212,0.1340181827545166,0.31585583090782166,-0.8292099237442017,0.4627472460269928,0.26978349685668945,0.004868126939982176,1.434654712677002,0.32208961248397827,0.41333332657814026,0.0,0.08645840734243393,0.053289033472537994,0.09766533225774765,0.0,0.26978349685668945
-0.04445812106132507,2.0193631649017334,0.1333429217338562,0.3178994357585907,-0.8276271224021912,0.46644946932792664,0.26983946561813354,0.004814106971025467,1.4505672454833984,0.2980073392391205,0.41999998688697815,0.0,0.07662102580070496,0.04985217750072479,0.09785979986190796,0.0,0.26983946561813354
-0.05992165952920914,1.970332145690918,0.13390302658081055,0.314383864402771,-0.8301429152488708,0.4615335166454315,0.26971685886383057,0.00472090533003211,1.4090813398361206,0.3204362988471985,0.42666664719581604,0.0,0.07756850123405457,0.052254773676395416,0.09803836047649384,0.0,0.26971685886383057
-0.06354393810033798,2.03684401512146,0.13830645382404327,0.32474538683891296,-0.8287373781204224,0.46758753061294556,0.2696729302406311,0.004879551474004984,1.4714778661727905,0.3159570097923279,0.43333330750465393,0.0,0.06933632493019104,0.05073793977499008,0.09817005693912506,0.0,0.2696729302406311
-0.05512446537613869,1.9650208950042725,0.13519608974456787,0.3230780065059662,-0.8294587135314941,0.463877409696579,0.26974743604660034,0.004782165866345167,1.439168095588684,0.3241405487060547,0.4399999678134918,0.0,0.0673583447933197,0.05052361637353897,0.09824250638484955,0.0,0.26974743604660034
-0.06430519372224808,2.0252041816711426,0.13929812610149384,0.3293518126010895,-0.8283913135528564,0.46839696168899536,0.26970550417900085,0.004991693422198296,1.4715255498886108,0.301935076713562,0.4466666281223297,0.0,0.062009602785110474,0.04948515444993973,0.0982736200094223,0.0,0.26970550417900085
-0.04670294374227524,1.9211573600769043,0.13530804216861725,0.32579270005226135,-0.8285134434700012,0.4654396176338196,0.2698439657688141,0.004602095112204552,1.420427918434143,0.31040656566619873,0.4533333480358124,0.0,0.06803043931722641,0.05588546767830849,0.0982668474316597,0.0,0.2698439657688141
-0.049442216753959656,2.0265491008758545,0.13709278404712677,0.32643964886665344,-0.8259330987930298,0.47526997327804565,0.2697693109512329,0.004848320037126541,1.4303398132324219,0.3658544421195984,0.46000000834465027,0.0,0.04948342964053154,0.04092375561594963,0.09828809648752213,0.0,0.2697693109512329
-0.0541180744767189,2.0964691638946533,0.14079810678958893,0.3358325958251953,-0.8242712020874023,0.48030024766921997,0.26977914571762085,0.0051018171943724155,1.471445918083191,0.3136211931705475,0.46666666865348816,0.0,0.04834672808647156,0.049230147153139114,0.09828682243824005,0.0,0.26977914571762085
-0.06737683713436127,2.0221517086029053,0.14088685810565948,0.3287222683429718,-0.8266729712486267,0.4766528904438019,0.26957929134368896,0.004969391040503979,1.4170894622802734,0.3401944637298584,0.47333332896232605,0.0,0.04539839178323746,0.047222208231687546,0.09839815646409988,0.0,0.26957929134368896
-0.05335266515612602,1.972548007965088,0.14573827385902405,0.338678240776062,-0.8286176919937134,0.4715867340564728,0.26963892579078674,0.004649709910154343,1.4797296524047852,0.3066643178462982,0.47999998927116394,0.0,0.04562600702047348,0.0439925380051136,0.09846265614032745,0.0,0.26963892579078674
-0.04404852166771889,2.060795307159424,0.14558710157871246,0.34242576360702515,-0.8230443596839905,0.4865480363368988,0.2696700096130371,0.004875816870480776,1.4782109260559082,0.3237598240375519,0.4866666793823242,0.0,0.040267668664455414,0.04669441282749176,0.09855129569768906,0.0,0.2696700096130371
-0.06359779834747314,2.035785675048828,0.1475580632686615,0.3355618715286255,-0.8257447481155396,0.4834187924861908,0.2693846821784973,0.005017004907131195,1.42842698097229,0.32644930481910706,0.4933333396911621,0.0,0.03418107330799103,0.03551584854722023,0.098546601831913,0.0,0.2693846821784973
-0.03778725489974022,1.989232063293457,0.14982953667640686,0.3488655090332031,-0.824260413646698,0.4859263300895691,0.26955121755599976,0.004674988333135843,1.4933547973632812,0.29292237758636475,0.5,0.0,0.03856753557920456,0.03757309168577194,0.09843684732913971,0.0,0.26955121755599976
-0.05039503797888756,1.9491691589355469,0.14918342232704163,0.3390241265296936,-0.825063169002533,0.48533591628074646,0.26936963200569153,0.00492515042424202,1.4130351543426514,0.29524990916252136,0.5066666603088379,0.0,0.03887631371617317,0.04331783577799797,0.09821480512619019,0.0,0.26936963200569153
-0.0760858878493309,1.9077616930007935,0.15576159954071045,0.34141579270362854,-0.8288429975509644,0.48043105006217957,0.26905155181884766,0.005331778898835182,1.4094734191894531,0.3042653501033783,0.5133333206176758,0.0,0.03407790884375572,0.03945058211684227,0.09802080690860748,0.0,0.26905155181884766
-0.07645606994628906,1.9973639249801636,0.1591225415468216,0.3485231399536133,-0.8266488313674927,0.48768195509910583,0.2690160274505615,0.005556489806622267,1.4327744245529175,0.29100337624549866,0.5199999809265137,0.0,0.03245564550161362,0.03836343437433243,0.0978187769651413,0.0,0.2690160274505615
-0.07404907047748566,1.8881878852844238,0.1562134474515915,0.3450069725513458,-0.8283963799476624,0.48164284229278564,0.2690356969833374,0.005447195842862129,1.3981889486312866,0.29942256212234497,0.5266666412353516,0.0,0.030905168503522873,0.029755759984254837,0.09771211445331573,0.0,0.2690356969833374
-0.08705653995275497,1.895349144935608,0.1552911102771759,0.3388262391090393,-0.8275316953659058,0.4870726764202118,0.2689068913459778,0.00576206436380744,1.3329122066497803,0.31628772616386414,0.533333420753479,0.0,0.030904661864042282,0.0336446613073349,0.0975898802280426,0.0,0.2689068913459778
-0.0838826447725296,1.858655333518982,0.1571681797504425,0.3421391546726227,-0.8301514983177185,0.47969600558280945,0.2688809633255005,0.005656811874359846,1.3445523977279663,0.3165328800678253,0.5400000810623169,0.0,0.029803847894072533,0.03269825130701065,0.09765800833702087,0.0,0.2688809633255005
-0.08621261268854141,1.8533742427825928,0.15453018248081207,0.3384906053543091,-0.8298389315605164,0.4792991876602173,0.2688838839530945,0.005839934106916189,1.3024286031723022,0.3290409445762634,0.5466667413711548,0.0,0.02782837301492691,0.03135433420538902,0.0976865142583847,0.0,0.2688838839530945
-0.08417689800262451,1.8182741403579712,0.15744169056415558,0.34686049818992615,-0.8300532698631287,0.48054343461990356,0.26891347765922546,0.005687238182872534,1.3393954038619995,0.3550794720649719,0.5533334016799927,0.0,0.028534596785902977,0.03565915673971176,0.09761378169059753,0.0,0.26891347765922546
-0.08080766350030899,1.9539103507995605,0.1563800871372223,0.35300031304359436,-0.823816180229187,0.4968913495540619,0.26900559663772583,0.00637021055445075,1.3443710803985596,0.3413471281528473,0.5600000619888306,0.0,0.020437870174646378,0.02096382901072502,0.09758467227220535,0.0,0.26900559663772583
-0.07106897234916687,1.9204636812210083,0.15404775738716125,0.3535882532596588,-0.8235359787940979,0.4973105490207672,0.26912230253219604,0.006025881972163916,1.3481260538101196,0.32555603981018066,0.5666667222976685,0.0,0.01892191357910633,0.020420659333467484,0.09751831740140915,0.0,0.26912230253219604
-0.08192652463912964,1.9496787786483765,0.15323002636432648,0.3598158061504364,-0.8227607607841492,0.5002782940864563,0.26915132999420166,0.00623589800670743,1.3417662382125854,0.3625912070274353,0.5733333826065063,0.0,0.023509543389081955,0.03496834263205528,0.0975157767534256,0.0,0.26915132999420166
-0.09245335310697556,1.9555518627166748,0.15877334773540497,0.36483895778656006,-0.8242924809455872,0.49911579489707947,0.26897919178009033,0.006211625412106514,1.3725452423095703,0.3204531967639923,0.5800000429153442,0.0,0.01708199456334114,0.019464580342173576,0.0974794328212738,0.0,0.26897919178009033
-0.055901482701301575,1.8951231241226196,0.15504878759384155,0.36428651213645935,-0.821678638458252,0.5009844899177551,0.2692372798919678,0.005463093053549528,1.3565088510513306,0.32644233107566833,0.5866667032241821,0.0,0.02300272509455681,0.029189052060246468,0.09733181446790695,0.0,0.2692372798919678
-0.0734039694070816,1.9322513341903687,0.16125085949897766,0.3739127516746521,-0.8231047987937927,0.5016576647758484,0.26907217502593994,0.005273678805679083,1.401379942893982,0.32472899556159973,0.59333336353302,0.0,0.0211487989872694,0.028859995305538177,0.09720078110694885,0.0,0.26907217502593994
-0.07488026469945908,2.058347702026367,0.15965652465820312,0.369011789560318,-0.8180876970291138,0.5170255899429321,0.2690252959728241,0.005222515668720007,1.3742328882217407,0.31670960783958435,0.6000000238418579,0.0,0.013562814332544804,0.017602654173970222,0.09703810513019562,0.0,0.2690252959728241
-0.06199758127331734,1.8953533172607422,0.15876543521881104,0.37213221192359924,-0.820469856262207,0.5072798728942871,0.26908349990844727,0.004653383512049913,1.3654052019119263,0.37736454606056213,0.6066666841506958,0.0,0.017520053312182426,0.019723670557141304,0.09676209092140198,0.0,0.26908349990844727
-0.06108950451016426,1.9510127305984497,0.15797051787376404,0.367299884557724,-0.8178990483283997,0.5149278044700623,0.26905906200408936,0.004696570336818695,1.337410569190979,0.33832818269729614,0.6133333444595337,0.0,0.014536067843437195,0.016472360119223595,0.09637817740440369,0.0,0.26905906200408936
-0.07195158302783966,1.8557227849960327,0.16380180418491364,0.3705730736255646,-0.8227181434631348,0.5038532614707947,0.26892101764678955,0.004508188460022211,1.3499845266342163,0.3285360634326935,0.6200000047683716,0.0,0.014924252405762672,0.014562328346073627,0.09606194496154785,0.0,0.26892101764678955
-0.07465732842683792,1.9665327072143555,0.16719357669353485,0.37425535917282104,-0.8215076923370361,0.5104126930236816,0.2688525915145874,0.004479418508708477,1.359177827835083,0.3448728024959564,0.6266666650772095,0.0,0.011905120685696602,0.014231879264116287,0.09567616134881973,0.0,0.2688525915145874
-0.08345026522874832,1.9407495260238647,0.17438830435276031,0.3782145380973816,-0.8233081698417664,0.5090929865837097,0.2686851918697357,0.004323985893279314,1.378214716911316,0.3155919015407562,0.6333333253860474,0.0,0.011818122118711472,0.013228846713900566,0.09530118852853775,0.0,0.2686851918697357
-0.08010423928499222,1.9013307094573975,0.17594069242477417,0.3788849115371704,-0.8236665725708008,0.5077123045921326,0.2686830163002014,0.004191506188362837,1.3687772750854492,0.3189472258090973,0.6399999856948853,0.0,0.01209396030753851,0.0139243733137846,0.09490484744310379,0.0,0.2686830163002014
-0.10128893703222275,1.8986345529556274,0.17910976707935333,0.3804597854614258,-0.8261204361915588,0.5050674676895142,0.26846688985824585,0.004476991482079029,1.3574947118759155,0.34390056133270264,0.6466666460037231,0.0,0.010371863842010498,0.012701861560344696,0.0945664569735527,0.0,0.26846688985824585
-0.09628043323755264,1.8926756381988525,0.1712486892938614,0.3612815737724304,-0.8236965537071228,0.5101051330566406,0.26850175857543945,0.004399371799081564,1.2568786144256592,0.32471317052841187,0.653333306312561,0.0,0.010694782249629498,0.011231285519897938,0.09424268454313278,0.0,0.26850175857543945
-0.07317318767309189,1.9330570697784424,0.1717861443758011,0.37342727184295654,-0.8180710673332214,0.5236286520957947,0.268705815076828,0.004187562968581915,1.3052799701690674,0.30030927062034607,0.6600000262260437,0.0,0.008621917106211185,0.009281018748879433,0.093901127576828,0.0,0.268705815076828
-0.07699162513017654,1.867771029472351,0.17632925510406494,0.39094245433807373,-0.8207647204399109,0.5177671909332275,0.2686890959739685,0.0038615295197814703,1.3696366548538208,0.3266480267047882,0.6666666865348816,0.0,0.008182615973055363,0.007920388132333755,0.09356477856636047,0.0,0.2686890959739685
-0.09356669336557388,1.9849437475204468,0.17833878099918365,0.3830186724662781,-0.8192433714866638,0.5244877934455872,0.2685185372829437,0.00414065970107913,1.3246792554855347,0.3255290687084198,0.6733333468437195,0.0,0.007477622479200363,0.011014568619430065,0.09317813813686371,0.0,0.2685185372829437
-0.08699484169483185,2.0457746982574463,0.1853889375925064,0.3943188190460205,-0.81587153673172,0.5366955399513245,0.2684778571128845,0.004084434360265732,1.3709242343902588,0.31053996086120605,0.6800000071525574,0.0,0.005555108189582825,0.007766886614263058,0.09282688051462173,0.0,0.2684778571128845
-0.07734695822000504,1.902496576309204,0.18134021759033203,0.3934626877307892,-0.818739652633667,0.5259581208229065,0.2685461640357971,0.0038914575707167387,1.343133568763733,0.34344470500946045,0.6866666674613953,0.0,0.006408235989511013,0.008072610944509506,0.09252478182315826,0.0,0.2685461640357971
-0.11992001533508301,2.065140724182129,0.1886008381843567,0.38964247703552246,-0.8185561299324036,0.5357011556625366,0.2681768536567688,0.004255432169884443,1.3246948719024658,0.3243626058101654,0.6933333277702332,0.0,0.004163107369095087,0.00515395775437355,0.09232262521982193,0.0,0.2681768536567688
-0.09150804579257965,2.0985372066497803,0.18424521386623383,0.39215630292892456,-0.8115128874778748,0.5500677227973938,0.26840919256210327,0.0042417929507792,1.3211697340011597,0.295351505279541,0.699999988079071,0.0,0.0034920223988592625,0.005256672855466604,0.09212438017129898,0.0,0.26840919256210327
-0.10593894124031067,2.0074362754821777,0.1815028041601181,0.3844318985939026,-0.8156616687774658,0.5408952832221985,0.2682892084121704,0.0042032585479319096,1.2680892944335938,0.34060508012771606,0.7066666483879089,0.0,0.0033154143020510674,0.0036862827837467194,0.09192928671836853,0.0,0.2682892084121704
-0.09855465590953827,2.050685167312622,0.19005198776721954,0.4021044969558716,-0.8148883581161499,0.5437466502189636,0.26836901903152466,0.004276431631296873,1.3373924493789673,0.30071526765823364,0.7133333086967468,0.0,0.0034791799262166023,0.004251250997185707,0.09171776473522186,0.0,0.26836901903152466
-0.1116049513220787,2.0058867931365967,0.188383087515831,0.4013170897960663,-0.8183043003082275,0.5360463857650757,0.268302857875824,0.004358628764748573,1.3086837530136108,0.35326847434043884,0.7200000286102295,0.0,0.0027625607326626778,0.002933743642643094,0.09144269675016403,0.0,0.268302857875824
-0.09182622283697128,2.062596321105957,0.18688037991523743,0.4152944087982178,-0.8129409551620483,0.5471351742744446,0.2686142921447754,0.0043079131282866,1.3485554456710815,0.3456007242202759,0.7266666889190674,0.0,0.0027747685089707375,0.003231375478208065,0.09118777513504028,0.0,0.2686142921447754
-0.09554725140333176,1.951895833015442,0.18683305382728577,0.41205471754074097,-0.8155243396759033,0.5400326251983643,0.26855236291885376,0.004300324711948633,1.3224027156829834,0.35245317220687866,0.7333333492279053,0.0,0.002506730379536748,0.002755402121692896,0.09104993939399719,0.0,0.26855236291885376
-0.10131052136421204,1.9697474241256714,0.18230801820755005,0.4074932038784027,-0.8165415525436401,0.5365244746208191,0.2686375379562378,0.0043898941949009895,1.2904623746871948,0.33298760652542114,0.7400000095367432,0.0,0.0025263172574341297,0.0025384826585650444,0.09086674451828003,0.0,0.2686375379562378
-0.11928987503051758,1.9596717357635498,0.18183912336826324,0.4094407260417938,-0.8165684342384338,0.5379208326339722,0.26862210035324097,0.004523221403360367,1.2768287658691406,0.35712888836860657,0.746666669845581,0.0,0.0026119141839444637,0.0029833184089511633,0.09064947068691254,0.0,0.26862210035324097
-0.10600027441978455,1.7904537916183472,0.18734697997570038,0.4197484850883484,-0.8233178853988647,0.5180565714836121,0.26866716146469116,0.004320986568927765,1.3147332668304443,0.33285394310951233,0.753333330154419,0.0,0.0025633852928876877,0.0016855656867846847,0.09032648056745529,0.0,0.26866716146469116
-0.13035841286182404,1.8667199611663818,0.1870885193347931,0.4136127233505249,-0.8216331005096436,0.5249317288398743,0.2685491442680359,0.004777718335390091,1.2662769556045532,0.3610980808734894,0.7599999904632568,0.0,0.0026286402717232704,0.002654515439644456,0.0900263786315918,0.0,0.2685491442680359
-0.10726413130760193,1.8822134733200073,0.1884913295507431,0.42716020345687866,-0.8180018663406372,0.532787561416626,0.2688188850879669,0.004630555398762226,1.3080015182495117,0.3485105633735657,0.7666666507720947,0.0,0.0032331792172044516,0.0037568234838545322,0.08989652246236801,0.0,0.2688188850879669
-0.09564381837844849,1.8312028646469116,0.186226025223732,0.42655882239341736,-0.8193249106407166,0.5275946259498596,0.2689095735549927,0.004533966071903706,1.2956746816635132,0.3267832398414612,0.7733333110809326,0.0,0.0034474246203899384,0.003175431862473488,0.08985085040330887,0.0,0.2689095735549927
-0.10659129172563553,1.8015854358673096,0.18723970651626587,0.4171193540096283,-0.819238543510437,0.5302298069000244,0.2686764895915985,0.004609814845025539,1.2468427419662476,0.34146296977996826,0.7799999713897705,0.0,0.002977037336677313,0.002974735340103507,0.08965418487787247,0.0,0.2686764895915985
-0.09069353342056274,1.893829345703125,0.1908663660287857,0.4351562261581421,-0.8131020069122314,0.5459151864051819,0.268857479095459,0.004644106142222881,1.308512568473816,0.29513490200042725,0.7866666913032532,0.0,0.0026077209040522575,0.0025229095481336117,0.08940184116363525,0.0,0.268857479095459
-0.09874167293310165,1.9649083614349365,0.19653461873531342,0.44152116775512695,-0.811794102191925,0.5559642910957336,0.2687094807624817,0.004642348736524582,1.3180854320526123,0.33892637491226196,0.7933333516120911,0.0,0.002106563188135624,0.0024853807408362627,0.08910912275314331,0.0,0.2687094807624817
-0.09641022235155106,2.0596630573272705,0.19624470174312592,0.4433106482028961,-0.8072608709335327,0.5693331956863403,0.26876944303512573,0.004839787725359201,1.3112541437149048,0.30737563967704773,0.800000011920929,0.0,0.0020643819589167833,0.0032390381675213575,0.08883342146873474,0.0,0.26876944303512573
-0.09166145324707031,2.044496774673462,0.19734911620616913,0.45635420083999634,-0.8052459955215454,0.5724647641181946,0.2688751518726349,0.00489025330170989,1.3393577337265015,0.303853839635849,0.8066666722297668,0.0,0.002052788157016039,0.002586743561550975,0.08853957056999207,0.0,0.2688751518726349
-0.08696464449167252,2.159008741378784,0.18977224826812744,0.4476874768733978,-0.7976870536804199,0.5925582051277161,0.268990695476532,0.0050712162628769875,1.2862215042114258,0.297899067401886,0.8133333325386047,0.0,0.0015010391362011433,0.0019139088690280914,0.08821863681077957,0.0,0.268990695476532
-0.08884041011333466,2.1501574516296387,0.19040609896183014,0.44476884603500366,-0.7942028641700745,0.6026514768600464,0.2688654065132141,0.005258334334939718,1.252048134803772,0.32696908712387085,0.8199999928474426,0.0,0.0015360611723735929,0.0023742741905152798,0.08782181888818741,0.0,0.2688654065132141
-0.12669594585895538,2.297761917114258,0.2023162692785263,0.44563260674476624,-0.7936957478523254,0.612355649471283,0.26847150921821594,0.005495395511388779,1.2566508054733276,0.3032773733139038,0.8266666531562805,0.0,0.0010940356878563762,0.0017233177786692977,0.08758862316608429,0.0,0.26847150921821594
-0.0993797555565834,2.249089479446411,0.19658273458480835,0.4520726203918457,-0.7925832867622375,0.6128137111663818,0.2687121331691742,0.00536359241232276,1.2661248445510864,0.296403706073761,0.8333333134651184,0.0,0.0011006606509909034,0.0016496381722390652,0.08737265318632126,0.0,0.2687121331691742
-0.11745881289243698,2.230464220046997,0.209898442029953,0.450580358505249,-0.7967374920845032,0.6072598099708557,0.26830005645751953,0.0053771017119288445,1.263576865196228,0.3102474510669708,0.8399999737739563,0.0,0.0011760840425267816,0.0023521811235696077,0.08719746768474579,0.0,0.26830005645751953
-0.0592595711350441,2.1704483032226562,0.19364959001541138,0.459962397813797,-0.7869985699653625,0.622511625289917,0.2689037322998047,0.004776830319315195,1.2877442836761475,0.27860090136528015,0.8466667532920837,0.0,0.0010545895202085376,0.0013767743948847055,0.0870475023984909,0.0,0.2689037322998047
-0.09471633285284042,2.080251693725586,0.21285845339298248,0.4537355899810791,-0.7990350723266602,0.6000878214836121,0.26826798915863037,0.004966705106198788,1.2724913358688354,0.2878866493701935,0.8533332943916321,0.0,0.001306443940848112,0.0016267976025119424,0.08686662465333939,0.0,0.26826798915863037
-0.10258033871650696,2.0501089096069336,0.21526692807674408,0.44855862855911255,-0.800589382648468,0.5997143983840942,0.26799243688583374,0.0047249565832316875,1.252772331237793,0.3148365318775177,0.8600000739097595,0.0,0.001101417583413422,0.001323104021139443,0.08679076284170151,0.0,0.26799243688583374
-0.09632842987775803,1.973059058189392,0.22408978641033173,0.4611157178878784,-0.8034331202507019,0.5938044786453247,0.26789358258247375,0.004644441418349743,1.2991297245025635,0.2961554527282715,0.8666666150093079,0.0,0.0011918270029127598,0.0013723040465265512,0.08685347437858582,0.0,0.26789358258247375
-0.10182377696037292,1.947650671005249,0.2289813905954361,0.4665067195892334,-0.8036192059516907,0.5956904888153076,0.2676716446876526,0.004691563080996275,1.3105835914611816,0.3046364486217499,0.8733333945274353,0.0,0.0010277940891683102,0.0012868285411968827,0.08669209480285645,0.0,0.2676716446876526
-0.11000069230794907,1.9126313924789429,0.23528607189655304,0.4721401035785675,-0.8083499073982239,0.5869083404541016,0.26751869916915894,0.004765644203871489,1.3251482248306274,0.28939008712768555,0.8799999356269836,0.0,0.0013266990426927805,0.0017301387852057815,0.08656852692365646,0.0,0.26751869916915894
-0.10784558206796646,2.004750967025757,0.22793486714363098,0.4644298255443573,-0.7999879121780396,0.6090134382247925,0.2675635814666748,0.0047166114673018456,1.2884267568588257,0.2844981253147125,0.8866667151451111,0.0,0.000921135360840708,0.0012208698317408562,0.08656249940395355,0.0,0.2675635814666748
-0.149356871843338,1.9860281944274902,0.23856627941131592,0.46444591879844666,-0.8085817098617554,0.5945549607276917,0.2670910358428955,0.004957863595336676,1.2803840637207031,0.31564220786094666,0.8933332562446594,0.0,0.0010411537950858474,0.0010811137035489082,0.086604043841362,0.0,0.2670910358428955
-0.14033998548984528,1.8565213680267334,0.23774152994155884,0.4638018012046814,-0.8139696717262268,0.5770316123962402,0.2670515179634094,0.004944613203406334,1.262431025505066,0.3401109576225281,0.9000000357627869,0.0,0.0012803818099200726,0.0018784573767334223,0.08664584904909134,0.0,0.2670515179634094
-0.16840548813343048,1.8349223136901855,0.2513783574104309,0.48097389936447144,-0.8202272057533264,0.5706501603126526,0.2667398154735565,0.005480092950165272,1.3098435401916504,0.33060222864151,0.9066666960716248,0.0,0.0012033889070153236,0.0011532391654327512,0.08671679347753525,0.0,0.2667398154735565
-0.16134566068649292,1.7937510013580322,0.2533230781555176,0.48804041743278503,-0.8225382566452026,0.5605306029319763,0.26676297187805176,0.005323488265275955,1.3244675397872925,0.3401671350002289,0.9133333563804626,0.0,0.001030262908898294,0.0008087767637334764,0.08672543615102768,0.0,0.26676297187805176
-0.17010237276554108,1.7869600057601929,0.25137045979499817,0.48065271973609924,-0.8220561742782593,0.565669059753418,0.2666406035423279,0.00562924612313509,1.2823619842529297,0.34580424427986145,0.9200000166893005,0.0,0.0011676286812871695,0.0012181112542748451,0.08655494451522827,0.0,0.2666406035423279
-0.1756867617368698,1.9119702577590942,0.2475975751876831,0.4774957001209259,-0.8153900504112244,0.5838866829872131,0.26666364073753357,0.005636583548039198,1.2569663524627686,0.3635029196739197,0.9266666769981384,0.0,0.0012330948375165462,0.0028676462825387716,0.08635164797306061,0.0,0.26666364073753357
-0.15402495861053467,1.8461997509002686,0.25067412853240967,0.48817795515060425,-0.81348717212677,0.586531400680542,0.26674628257751465,0.005432050675153732,1.2935336828231812,0.328615665435791,0.9333333373069763,0.0,0.0007795746205374599,0.0008684652857482433,0.08616870641708374,0.0,0.26674628257751465
-0.15526975691318512,1.865820288658142,0.25305241346359253,0.49017155170440674,-0.8131805658340454,0.5910758376121521,0.26671719551086426,0.005382370203733444,1.2922519445419312,0.32987669110298157,0.9399999976158142,0.0,0.0008371742442250252,0.0010468956315889955,0.08600341528654099,0.0,0.26671719551086426
-0.1512710303068161,1.8696949481964111,0.2511855661869049,0.49216529726982117,-0.8113847970962524,0.5945085883140564,0.26677224040031433,0.00585963437333703,1.273940920829773,0.3280453085899353,0.9466666579246521,0.0,0.0007577211363241076,0.000809648830909282,0.08583735674619675,0.0,0.26677224040031433
-0.14458757638931274,1.8798667192459106,0.2508462071418762,0.4950086772441864,-0.808733344078064,0.6026611924171448,0.2668735384941101,0.00585055910050869,1.2784147262573242,0.3015561103820801,0.95333331823349,0.0,0.0008298042230308056,0.0012915884144604206,0.08563061058521271,0.0,0.2668735384941101
-0.13457666337490082,1.8825362920761108,0.2531640827655792,0.5058385133743286,-0.8070607781410217,0.6063393950462341,0.2669242322444916,0.005863010883331299,1.2933120727539062,0.3318617343902588,0.9599999785423279,0.0,0.0007703428855165839,0.001044084201566875,0.08533811569213867,0.0,0.2669242322444916
-0.13958899676799774,1.7315826416015625,0.2527518570423126,0.4992283284664154,-0.8148906230926514,0.5842722058296204,0.26680830121040344,0.006350123789161444,1.2441494464874268,0.3511693477630615,0.9666666388511658,0.0,0.001464595552533865,0.004359301179647446,0.0850086659193039,0.0,0.26680830121040344
-0.12787288427352905,1.8335740566253662,0.24177394807338715,0.48848026990890503,-0.8041850328445435,0.6141480803489685,0.2670706510543823,0.006357730831950903,1.200961709022522,0.3290247917175293,0.9733333587646484,0.0,0.0019174400949850678,0.006119670812040567,0.08455272763967514,0.0,0.2670706510543823
-0.14103518426418304,1.8598912954330444,0.2513996958732605,0.5004322528839111,-0.8060374855995178,0.6125841736793518,0.2668943703174591,0.006580486427992582,1.232861042022705,0.3131222128868103,0.9800000190734863,0.0,0.001221683225594461,0.002679441822692752,0.08401525765657425,0.0,0.2668943703174591
-0.1626976728439331,1.9287389516830444,0.2536796033382416,0.4958009719848633,-0.8025543093681335,0.6251288652420044,0.2667151689529419,0.007216681260615587,1.1850026845932007,0.3459470272064209,0.9866666793823242,0.0,0.001153807621449232,0.0020316208247095346,0.08355770260095596,0.0,0.2667151689529419
-0.14396479725837708,1.7767655849456787,0.23685245215892792,0.46496912837028503,-0.804780900478363,0.6130493879318237,0.2669072151184082,0.007306927349418402,1.0753660202026367,0.3210722804069519,0.9933333396911621,0.0,0.0013294327072799206,0.0022887662053108215,0.08308296650648117,0.0,0.2669072151184082
-0.13272260129451752,1.8516244888305664,0.251223623752594,0.5067979097366333,-0.7996319532394409,0.6285022497177124,0.26702558994293213,0.007118577603250742,1.1983946561813354,0.34230515360832214,1.0,0.0,0.0014469833113253117,0.0032879740465432405,0.08266933262348175,0.0,0.26702558994293213
-0.14848171174526215,1.7521978616714478,0.2607120871543884,0.5072761178016663,-0.8075217008590698,0.6093922853469849,0.26667535305023193,0.0076303076930344105,1.196116328239441,0.33335360884666443,1.0,0.0,0.0012895194813609123,0.0022911550477147102,0.08211968094110489,0.0,0.26667535305023193
-0.15633589029312134,1.854824423789978,0.2612147927284241,0.5001243948936462,-0.8014063835144043,0.630782961845398,0.2665470242500305,0.007501407992094755,1.1724098920822144,0.3505229651927948,1.0,0.0,0.0011532099451869726,0.002417910611256957,0.08162311464548111,0.0,0.2665470242500305
-0.17743653059005737,1.7922556400299072,0.2817164361476898,0.5102076530456543,-0.8116952180862427,0.6092772483825684,0.2660299837589264,0.007177555467933416,1.226025104522705,0.3440690338611603,1.0,0.0,0.0016489033587276936,0.0037387250922620296,0.08100320398807526,0.0,0.2660299837589264
-0.17599432170391083,1.8831050395965576,0.28391149640083313,0.5093197822570801,-0.8054571747779846,0.6296313405036926,0.26593083143234253,0.006208460312336683,1.2452988624572754,0.36516791582107544,1.0,0.0,0.0011667334474623203,0.0030123726464807987,0.08045728504657745,0.0,0.26593083143234253
-0.1565910130739212,1.8451523780822754,0.2869419753551483,0.5137346982955933,-0.8075547218322754,0.6231904625892639,0.265921413898468,0.005656961817294359,1.2711613178253174,0.37181660532951355,1.0,0.0,0.0009684478864073753,0.0016010652761906385,0.07983796298503876,0.0,0.265921413898468
-0.13719511032104492,1.8132174015045166,0.2830415964126587,0.5199604630470276,-0.8092063069343567,0.6146283745765686,0.26614516973495483,0.0054944646544754505,1.2843939065933228,0.3647359609603882,1.0,0.0,0.0011127727339044213,0.0016204697312787175,0.07928391546010971,0.0,0.26614516973495483
-0.15723280608654022,1.8301957845687866,0.2896598279476166,0.5074212551116943,-0.8076114058494568,0.6247314214706421,0.2658194601535797,0.005872718058526516,1.2345541715621948,0.3716159164905548,1.0,0.0,0.0008601942099630833,0.001265557250007987,0.07876978814601898,0.0,0.2658194601535797
-0.15207430720329285,1.836417317390442,0.3018178939819336,0.5242997407913208,-0.8096352219581604,0.6223462820053101,0.2657390832901001,0.005163383670151234,1.318861484527588,0.35620492696762085,1.0,0.0,0.00079258595360443,0.0010164935374632478,0.07818691432476044,0.0,0.2657390832901001
-0.15855364501476288,1.9033334255218506,0.3108564019203186,0.5158122181892395,-0.8077895045280457,0.6298139691352844,0.2654457986354828,0.005258119665086269,1.2975953817367554,0.3424343466758728,1.0,0.0,0.0008335395250469446,0.0015111935790628195,0.07767798006534576,0.0,0.2654457986354828
-0.14655540883541107,1.9284957647323608,0.3089005649089813,0.5282583832740784,-0.8074082136154175,0.6300649642944336,0.2656332850456238,0.005285887513309717,1.319705605506897,0.35743212699890137,1.0,0.0,0.0008943108841776848,0.0018005938036367297,0.07722204923629761,0.0,0.2656332850456238
-0.15176162123680115,1.9859739542007446,0.32012417912483215,0.5260403752326965,-0.8043181896209717,0.6420417428016663,0.26539409160614014,0.0052280789241194725,1.3253411054611206,0.34317678213119507,1.0,0.0,0.0004934891476295888,0.0009206174872815609,0.07682789862155914,0.0,0.26539409160614014
-0.16358663141727448,1.9663857221603394,0.32489293813705444,0.5126762986183167,-0.8064444065093994,0.6392786502838135,0.26518088579177856,0.0052573541179299355,1.2892128229141235,0.3503171503543854,1.0,0.0,0.000727818813174963,0.00109542952850461,0.0763571634888649,0.0,0.26518088579177856
-0.16594137251377106,1.918258547782898,0.3301010727882385,0.5203008055686951,-0.8112199306488037,0.6290209293365479,0.26514559984207153,0.0055409022606909275,1.2911609411239624,0.3606094717979431,1.0,0.0,0.0011008039582520723,0.0023015558253973722,0.0759468600153923,0.0,0.26514559984207153
-0.17046211659908295,1.9151884317398071,0.3426324427127838,0.5215370059013367,-0.8117057085037231,0.6313974261283875,0.26485276222229004,0.005506316665560007,1.3078864812850952,0.3378426730632782,1.0,0.0,0.0005806380650028586,0.0008503770804964006,0.07551689445972443,0.0,0.26485276222229004
-0.16226543486118317,1.91505765914917,0.3231494724750519,0.5028399229049683,-0.8091461658477783,0.6313801407814026,0.2651863694190979,0.005516949109733105,1.234002947807312,0.35675400495529175,1.0,0.0,0.0009523371118120849,0.0024492929223924875,0.07512831687927246,0.0,0.2651863694190979
-0.17596620321273804,1.9124562740325928,0.33553338050842285,0.5125943422317505,-0.8140591979026794,0.6223876476287842,0.2650272846221924,0.0061691259033977985,1.221166968345642,0.3519361913204193,1.0,0.0,0.0007079196511767805,0.0011252787662670016,0.07477419078350067,0.0,0.2650272846221924
-0.15238873660564423,1.8043503761291504,0.3206707835197449,0.5013147592544556,-0.8155706524848938,0.6122077703475952,0.2652871906757355,0.00569681404158473,1.219757080078125,0.3439233899116516,1.0,0.0,0.0016864194767549634,0.006415370386093855,0.07443227618932724,0.0,0.2652871906757355
-0.1589781790971756,1.8345637321472168,0.3185030519962311,0.4999197721481323,-0.8115668892860413,0.6242607831954956,0.26531028747558594,0.00567612424492836,1.2051070928573608,0.3705862760543823,1.0,0.0,0.0009194394806399941,0.0014714134158566594,0.07415611296892166,0.0,0.26531028747558594
-0.15789338946342468,1.8227239847183228,0.3158784508705139,0.4928395748138428,-0.8114597797393799,0.6210300922393799,0.2653118669986725,0.005830281879752874,1.174781322479248,0.3840010464191437,1.0,0.0,0.0011446551652625203,0.0021410584449768066,0.07390180975198746,0.0,0.2653118669986725
-0.14309625327587128,1.7122914791107178,0.3123020529747009,0.5037581324577332,-0.817649781703949,0.6056011319160461,0.2655221223831177,0.005754644051194191,1.2122366428375244,0.3707781732082367,1.0,0.0,0.0024088677018880844,0.00558549864217639,0.07366359978914261,0.0,0.2655221223831177
-0.13803860545158386,1.728378415107727,0.3089136779308319,0.50820392370224,-0.8144475221633911,0.6072806119918823,0.26568374037742615,0.0062041934579610825,1.195544958114624,0.3481602072715759,1.0,0.0,0.0010381840402260423,0.0017913286574184895,0.07340453565120697,0.0,0.26568374037742615
-0.13742266595363617,1.7210038900375366,0.3130391240119934,0.5172865390777588,-0.815034806728363,0.6087678670883179,0.26567840576171875,0.006295049097388983,1.224088191986084,0.34832584857940674,1.0,0.0,0.001510209171101451,0.004246129188686609,0.07316751033067703,0.0,0.26567840576171875
-0.12137645483016968,1.6468665599822998,0.2942848205566406,0.5014749765396118,-0.8159340620040894,0.5984523296356201,0.2659956216812134,0.006454938556998968,1.1494554281234741,0.35370898246765137,1.0,0.0,0.0015430038329213858,0.003825666382908821,0.0730007141828537,0.0,0.2659956216812134
-0.1279565542936325,1.7022663354873657,0.3014136850833893,0.4986294209957123,-0.811608612537384,0.615154504776001,0.2657409906387329,0.006244865246117115,1.1662601232528687,0.339278906583786,1.0,0.0,0.0008312890422530472,0.0014408484566956758,0.07290907204151154,0.0,0.2657409906387329
-0.13823236525058746,1.7123874425888062,0.3053005635738373,0.5139585733413696,-0.8147294521331787,0.6067692637443542,0.2658034563064575,0.006394682917743921,1.1943947076797485,0.39530980587005615,1.0,0.0,0.0008058417588472366,0.0010679945116862655,0.07278160005807877,0.0,0.2658034563064575
-0.10048919171094894,1.6630624532699585,0.27164244651794434,0.490104615688324,-0.8107467293739319,0.6086236238479614,0.26636338233947754,0.005675224121659994,1.1618746519088745,0.3783646821975708,1.0,0.0,0.0014451916795223951,0.0033897687681019306,0.07263529300689697,0.0,0.26636338233947754
-0.10657980293035507,1.7585389614105225,0.282478392124176,0.5086641907691956,-0.8067266345024109,0.6216996312141418,0.2662990689277649,0.0057507469318807125,1.2198728322982788,0.37570720911026,1.0,0.0,0.0008332940051332116,0.0012897703563794494,0.07246556133031845,0.0,0.2662990689277649
-0.09041381627321243,1.7504230737686157,0.2670520842075348,0.49600091576576233,-0.8040937781333923,0.6275274157524109,0.2665170133113861,0.00554802967235446,1.181759238243103,0.3498569130897522,1.0,0.0,0.0007002672646194696,0.0011511518387123942,0.07238364219665527,0.0,0.2665170133113861
-0.0951937735080719,1.759651780128479,0.26959094405174255,0.5048101544380188,-0.806603729724884,0.6206923127174377,0.2665379047393799,0.006003076210618019,1.173374056816101,0.37274542450904846,1.0,0.0,0.0009599019540473819,0.0020739235915243626,0.07226187735795975,0.0,0.2665379047393799
-0.10391175001859665,1.7624629735946655,0.27794814109802246,0.5103557109832764,-0.8062372207641602,0.6235125064849854,0.2663257122039795,0.005892659537494183,1.202770471572876,0.40354931354522705,1.0,0.0,0.000837196595966816,0.0015785322757437825,0.0721590593457222,0.0,0.2663257122039795
-0.12810485064983368,1.7514896392822266,0.3007635176181793,0.5083523988723755,-0.8110698461532593,0.6209993958473206,0.2657144069671631,0.005543410312384367,1.2313402891159058,0.3734947443008423,1.0,0.0,0.0008260894101113081,0.001462985179387033,0.0720783993601799,0.0,0.2657144069671631
-0.13091757893562317,1.769386887550354,0.30814340710639954,0.5142859220504761,-0.8124294281005859,0.6198473572731018,0.26559025049209595,0.005645081866532564,1.2482023239135742,0.37947678565979004,1.0,0.0,0.000735570618417114,0.0016514030285179615,0.07200547307729721,0.0,0.26559025049209595
-0.17082719504833221,1.814298152923584,0.33629804849624634,0.5032073855400085,-0.8155558109283447,0.620522141456604,0.26489609479904175,0.005871964618563652,1.2189849615097046,0.3502902388572693,1.0,0.0,0.00033596198773011565,0.00037780124694108963,0.07190634310245514,0.0,0.26489609479904175
-0.1760810911655426,1.876259207725525,0.34110260009765625,0.5194448828697205,-0.8146352171897888,0.625035285949707,0.2649378478527069,0.006148108281195164,1.2371410131454468,0.3652946949005127,1.0,0.0,0.0003683966351673007,0.0005031119799241424,0.07183486223220825,0.0,0.2649378478527069
-0.1729203462600708,1.8246679306030273,0.3400660455226898,0.4941738545894623,-0.8139191269874573,0.6270692944526672,0.2647479176521301,0.005641250871121883,1.1998628377914429,0.3445708453655243,1.0,0.0,0.0003167504910379648,0.00039807494613341987,0.07178012281656265,0.0,0.2647479176521301
-0.18588843941688538,1.860437035560608,0.3523733615875244,0.49638283252716064,-0.8133559823036194,0.632523775100708,0.2644791901111603,0.005986012052744627,1.1938108205795288,0.3460494875907898,1.0,0.0,0.00035021561780013144,0.0008906531729735434,0.07163238525390625,0.0,0.2644791901111603
-0.18615466356277466,1.92448890209198,0.357032835483551,0.5129470229148865,-0.8133684396743774,0.6330847144126892,0.2645707130432129,0.006349755916744471,1.2190957069396973,0.3509277105331421,1.0,0.0,0.0002824256953317672,0.00040125809027813375,0.07148377597332001,0.0,0.2645707130432129
-0.19368191063404083,1.879832148551941,0.3753510117530823,0.518735408782959,-0.8165692090988159,0.6296345591545105,0.26417699456214905,0.006452981848269701,1.2326068878173828,0.3521631956100464,1.0,0.0,0.00037042389158159494,0.0006190031417645514,0.07137767225503922,0.0,0.26417699456214905
-0.1902461051940918,1.800721287727356,0.3715541660785675,0.5139843821525574,-0.823800802230835,0.6070430874824524,0.2642185091972351,0.006361805833876133,1.2206499576568604,0.3522341847419739,1.0,0.0,0.0005325094098225236,0.0009140613256022334,0.07129237055778503,0.0,0.2642185091972351
-0.18159808218479156,1.9353108406066895,0.3632340729236603,0.5144761800765991,-0.8103571534156799,0.646668553352356,0.2643979787826538,0.0064011067152023315,1.21435546875,0.33651837706565857,1.0,0.0,0.00045177750871516764,0.0013062003999948502,0.07119260728359222,0.0,0.2643979787826538
-0.16815078258514404,1.9275072813034058,0.35967129468917847,0.5219699740409851,-0.8113277554512024,0.6390082836151123,0.26452916860580444,0.006332125049084425,1.2327673435211182,0.34358125925064087,1.0,0.0,0.0005615446716547012,0.0013380014570429921,0.07110648602247238,0.0,0.26452916860580444
-0.17136552929878235,1.9685636758804321,0.3578663766384125,0.5327165126800537,-0.808908224105835,0.6472137570381165,0.264712929725647,0.006996632553637028,1.2105082273483276,0.3530562222003937,1.0,0.0,0.0004526171542238444,0.0005976100219413638,0.07091261446475983,0.0,0.264712929725647
-0.13931331038475037,1.8454208374023438,0.3421221673488617,0.5253269076347351,-0.8093191385269165,0.6390542387962341,0.2649872303009033,0.006417906377464533,1.2204021215438843,0.3363381326198578,1.0,0.0,0.0008395178010687232,0.0025299396365880966,0.07062717527151108,0.0,0.2649872303009033
-0.16870157420635223,1.9189478158950806,0.36422422528266907,0.5454328060150146,-0.8071439862251282,0.653803825378418,0.26461169123649597,0.007187714800238609,1.241400957107544,0.34603458642959595,1.0,0.0,0.0006192227592691779,0.001953665865585208,0.07040324062108994,0.0,0.26461169123649597
-0.1310143619775772,1.8545418977737427,0.34121179580688477,0.5264844298362732,-0.8071098327636719,0.6443598866462708,0.26495271921157837,0.006360684055835009,1.2388789653778076,0.3381838798522949,1.0,0.0,0.0006925357156433165,0.001956390216946602,0.07010502368211746,0.0,0.26495271921157837
-0.13993167877197266,1.7953952550888062,0.34432148933410645,0.5195451974868774,-0.8097153306007385,0.6398283243179321,0.26471495628356934,0.0063806697726249695,1.2205572128295898,0.3071599006652832,1.0,0.0,0.000691175286192447,0.001630095299333334,0.06975279748439789,0.0,0.26471495628356934
-0.13816583156585693,1.9093297719955444,0.34823140501976013,0.5346001386642456,-0.8063610196113586,0.6504286527633667,0.264723539352417,0.006510857492685318,1.255815029144287,0.31858786940574646,1.0,0.0,0.0004612627672031522,0.0012403796426951885,0.06949002295732498,0.0,0.264723539352417
-0.13289658725261688,1.9325398206710815,0.33991339802742004,0.5214032530784607,-0.8004497289657593,0.6662665009498596,0.26473891735076904,0.0062833563424646854,1.209807276725769,0.35928958654403687,1.0,0.0,0.0005226866924203932,0.0025990870781242847,0.06926459819078445,0.0,0.26473891735076904
-0.1481618732213974,1.9307376146316528,0.35234951972961426,0.516801118850708,-0.8038418889045715,0.6613604426383972,0.26440900564193726,0.006331631448119879,1.2220115661621094,0.3174392580986023,1.0,0.0,0.0007686185999773443,0.003508994122967124,0.06901706010103226,0.0,0.26440900564193726
-0.18439625203609467,2.011194944381714,0.3842708468437195,0.5365186929702759,-0.8062304854393005,0.6656325459480286,0.2637966275215149,0.006617026403546333,1.2714735269546509,0.34591710567474365,1.0,0.0,0.00018479565915185958,0.00029995027580298483,0.06874804943799973,0.0,0.2637966275215149
-0.1454942226409912,1.993564248085022,0.36707237362861633,0.536209762096405,-0.8032682538032532,0.6683104038238525,0.26417076587677,0.006169332657009363,1.3026777505874634,0.3208964765071869,1.0,0.0,0.00027375039644539356,0.0007282563019543886,0.06852982938289642,0.0,0.26417076587677
-0.17985612154006958,2.0765154361724854,0.3844052255153656,0.5322366952896118,-0.8022831678390503,0.6783952116966248,0.26372069120407104,0.006709660403430462,1.254555106163025,0.31952807307243347,1.0,0.0,0.0001326484780292958,0.00017834494065027684,0.06832611560821533,0.0,0.26372069120407104
-0.20816652476787567,2.0350751876831055,0.41137921810150146,0.5260976552963257,-0.8105537295341492,0.6679714918136597,0.26311272382736206,0.006302190013229847,1.284035563468933,0.3498327434062958,1.0,0.0,0.00019966380205005407,0.000278789724688977,0.06810811161994934,0.0,0.26311272382736206
-0.2332831472158432,2.0130233764648438,0.4236108362674713,0.5010668635368347,-0.8140338659286499,0.6622793674468994,0.2626584768295288,0.006295587867498398,1.2351785898208618,0.30089497566223145,1.0,0.0,0.0002464430872350931,0.0005962572759017348,0.06788907945156097,0.0,0.2626584768295288
-0.2002292424440384,2.0236849784851074,0.4050731658935547,0.5123341679573059,-0.8096306920051575,0.664964497089386,0.26316991448402405,0.006222694180905819,1.2540949583053589,0.3128631114959717,1.0,0.0,0.00021326310525182635,0.0003768160822801292,0.06765863299369812,0.0,0.26316991448402405
-0.23490752279758453,1.957037329673767,0.43077701330184937,0.5181498527526855,-0.8203179836273193,0.6447661519050598,0.26262664794921875,0.006494750734418631,1.2601263523101807,0.3268841803073883,1.0,0.0,0.0002613249816931784,0.00036612653639167547,0.06748493015766144,0.0,0.26262664794921875
-0.23220418393611908,1.9301356077194214,0.4273796081542969,0.5007299780845642,-0.8182159066200256,0.6532754302024841,0.2625400424003601,0.006235943175852299,1.2269138097763062,0.31291306018829346,1.0,0.0,0.00027578178560361266,0.0003993198333773762,0.0673033595085144,0.0,0.2625400424003601
-0.2041386067867279,1.8168878555297852,0.4075893759727478,0.5106976628303528,-0.8224624395370483,0.6285459995269775,0.26301443576812744,0.006208322010934353,1.2536534070968628,0.3147990107536316,1.0,0.0,0.00034347042674198747,0.0004624519497156143,0.0671348124742508,0.0,0.26301443576812744
-0.2086145132780075,1.86786687374115,0.40779733657836914,0.5194675326347351,-0.8180941939353943,0.6434086561203003,0.2630254328250885,0.006647293921560049,1.218491554260254,0.34156548976898193,1.0,0.0,0.00028124795062467456,0.0003576942253857851,0.06706809997558594,0.0,0.2630254328250885
-0.19596071541309357,1.7433654069900513,0.39622870087623596,0.5208151936531067,-0.823417603969574,0.6253820657730103,0.263233482837677,0.006410081405192614,1.2347944974899292,0.35624364018440247,1.0,0.0,0.0005588565836660564,0.0008528341422788799,0.0669524222612381,0.0,0.263233482837677
-0.22375346720218658,1.7256817817687988,0.4200371503829956,0.5097049474716187,-0.8282876014709473,0.618619441986084,0.26270607113838196,0.006673676427453756,1.192008376121521,0.35701003670692444,1.0,0.0,0.0010598287917673588,0.0032241223379969597,0.06678768247365952,0.0,0.26270607113838196
-0.17462746798992157,1.714328408241272,0.37501060962677,0.5275058150291443,-0.8204238414764404,0.6253945827484131,0.2638024389743805,0.006762598175555468,1.2206376791000366,0.3367157280445099,1.0,0.0,0.0007971710292622447,0.001757897436618805,0.06658894568681717,0.0,0.2638024389743805
-0.1989249736070633,1.783790946006775,0.3891746699810028,0.5548880696296692,-0.8209773302078247,0.6305596232414246,0.2636168599128723,0.00776682747527957,1.2092357873916626,0.3222230076789856,1.0,0.0,0.0005275990115478635,0.000790592806879431,0.06640259921550751,0.0,0.2636168599128723
-0.19242364168167114,1.68545401096344,0.3912433981895447,0.5417689681053162,-0.8246732950210571,0.6184864640235901,0.2635549008846283,0.007404677104204893,1.191423773765564,0.35809263586997986,1.0,0.0,0.000710850115865469,0.0013259961269795895,0.06626314669847488,0.0,0.2635549008846283
-0.21565449237823486,1.757381796836853,0.41068416833877563,0.5622060298919678,-0.8234056234359741,0.6287315487861633,0.26332783699035645,0.007921461015939713,1.204391360282898,0.3616313636302948,1.0,0.0,0.0012632166035473347,0.003982794005423784,0.06613773852586746,0.0,0.26332783699035645
-0.1826707273721695,1.6391233205795288,0.39084306359291077,0.5281187891960144,-0.8261606693267822,0.6116636991500854,0.26355087757110596,0.007173870224505663,1.183174729347229,0.3422379791736603,1.0,0.0,0.000995825044810772,0.002906749490648508,0.0659693107008934,0.0,0.26355087757110596
-0.21448521316051483,1.746211290359497,0.41130149364471436,0.5620981454849243,-0.8231191039085388,0.6284794807434082,0.263319730758667,0.00810122862458229,1.1919970512390137,0.33959752321243286,1.0,0.0,0.0005241766921244562,0.0011041407706215978,0.06572796404361725,0.0,0.263319730758667
-0.19779369235038757,1.7668553590774536,0.39920082688331604,0.5645205974578857,-0.819726824760437,0.6321941614151001,0.2636954188346863,0.00810982659459114,1.2061536312103271,0.3466322124004364,1.0,0.0,0.0005531942006200552,0.0014228634536266327,0.06549899280071259,0.0,0.2636954188346863
-0.1902102380990982,1.7298387289047241,0.40129607915878296,0.5727760195732117,-0.8203275799751282,0.6298991441726685,0.26372653245925903,0.008252828381955624,1.2227016687393188,0.3320358693599701,1.0,0.0,0.0005003994447179139,0.00073592783883214,0.06524162739515305,0.0,0.26372653245925903
-0.19483239948749542,1.770613193511963,0.4108123779296875,0.6026800870895386,-0.8204536437988281,0.6326914429664612,0.2637816369533539,0.0088217593729496,1.2641111612319946,0.36894339323043823,1.0,0.0,0.00047964826808311045,0.000947693595662713,0.06492563337087631,0.0,0.2637816369533539
-0.22655552625656128,1.7286931276321411,0.4387555718421936,0.5768927931785583,-0.8237650394439697,0.6291353106498718,0.26299822330474854,0.008797488175332546,1.1771035194396973,0.33193495869636536,1.0,0.0,0.00038522708928212523,0.0008643424371257424,0.06467262655496597,0.0,0.26299822330474854
-0.17700153589248657,1.7382168769836426,0.39635252952575684,0.6007602214813232,-0.8167356252670288,0.6328285932540894,0.26414167881011963,0.008968514390289783,1.2086313962936401,0.3412967026233673,1.0,0.0,0.0004032783617731184,0.0007085519609972835,0.06453639268875122,0.0,0.26414167881011963
-0.20180322229862213,1.7789499759674072,0.41987067461013794,0.6165069341659546,-0.8206336498260498,0.6301164031028748,0.2638087272644043,0.009382646530866623,1.2464011907577515,0.3502281606197357,1.0,0.0,0.00041231565410271287,0.0005976888351142406,0.06433605402708054,0.0,0.2638087272644043
-0.16127125918865204,1.7119436264038086,0.38402846455574036,0.6292790770530701,-0.8156518936157227,0.6307242512702942,0.26474329829216003,0.009830698370933533,1.2357959747314453,0.35804691910743713,1.0,0.0,0.0005061805713921785,0.00090032845037058,0.06413501501083374,0.0,0.26474329829216003
-0.20654511451721191,1.6612297296524048,0.4348171353340149,0.6011746525764465,-0.8228278756141663,0.6226292252540588,0.26354527473449707,0.009443326853215694,1.154129981994629,0.3352876305580139,1.0,0.0,0.0013418172020465136,0.004557054955512285,0.06399309635162354,0.0,0.26354527473449707
-0.1888132393360138,1.6581391096115112,0.4178493022918701,0.6636637449264526,-0.8217223882675171,0.6151905655860901,0.26433122158050537,0.01056596077978611,1.2099140882492065,0.38974085450172424,1.0,0.0,0.0016496861353516579,0.0053167399019002914,0.0638449415564537,0.0,0.26433122158050537
-0.22686876356601715,1.678189992904663,0.4540024995803833,0.6332324147224426,-0.8267443180084229,0.6167607307434082,0.26336830854415894,0.010097606107592583,1.167480707168579,0.3525179624557495,1.0,0.0,0.001912054605782032,0.005275430623441935,0.06374042481184006,0.0,0.26336830854415894
-0.22287650406360626,1.6888049840927124,0.4521878957748413,0.6666412949562073,-0.8243772387504578,0.6206231117248535,0.26368075609207153,0.01067439280450344,1.1824121475219727,0.36121225357055664,1.0,0.0,0.0012830225750803947,0.003515856107696891,0.06358674168586731,0.0,0.26368075609207153
-0.2500271201133728,1.6749663352966309,0.5006828904151917,0.6674149632453918,-0.8281658291816711,0.6203255653381348,0.26282185316085815,0.010701637715101242,1.2043840885162354,0.35301724076271057,1.0,0.0,0.0010052919387817383,0.002539996290579438,0.06347499787807465,0.0,0.26282185316085815
-0.22787131369113922,1.7565661668777466,0.465729296207428,0.7018131017684937,-0.8210693001747131,0.6299888491630554,0.2636910676956177,0.011510519310832024,1.2097400426864624,0.3496519923210144,1.0,0.0,0.0014096173690631986,0.004772067070007324,0.06342398375272751,0.0,0.2636910676956177
-0.24370619654655457,1.7847628593444824,0.48451918363571167,0.7189348340034485,-0.8216893076896667,0.6330438256263733,0.26338106393814087,0.011407301761209965,1.1776498556137085,0.3613808751106262,1.0,0.0,0.0014529067557305098,0.004884105641394854,0.06339993327856064,0.0,0.26338106393814087
-0.21811240911483765,1.7232892513275146,0.46365469694137573,0.7076001167297363,-0.8216631412506104,0.6262800693511963,0.2638017237186432,0.01136993058025837,1.193365216255188,0.3653019666671753,1.0,0.0,0.002448778599500656,0.010516577400267124,0.06341869384050369,0.0,0.2638017237186432
-0.22246024012565613,1.734611988067627,0.45970991253852844,0.6660837531089783,-0.8236775398254395,0.6263724565505981,0.26365846395492554,0.01067748200148344,1.241592288017273,0.35706907510757446,1.0,0.0,0.0021388977766036987,0.008802729658782482,0.06346999108791351,0.0,0.26365846395492554
-0.2202087640762329,1.778679370880127,0.4359130859375,0.6687865257263184,-0.819248616695404,0.6332270503044128,0.2640824317932129,0.010925007052719593,1.2104038000106812,0.3787643611431122,1.0,0.0,0.0035992388147860765,0.01362729724496603,0.06353916972875595,0.0,0.2640824317932129
-0.19762569665908813,1.7165334224700928,0.4138343334197998,0.6277673244476318,-0.817292332649231,0.6314563751220703,0.2642960846424103,0.010660114698112011,1.1825677156448364,0.3673674762248993,1.0,0.0,0.0012333898339420557,0.0034297157544642687,0.06359879672527313,0.0,0.2642960846424103
-0.261471688747406,1.7452491521835327,0.4652467668056488,0.6945859789848328,-0.8262338042259216,0.621904194355011,0.26357734203338623,0.011763735674321651,1.2253363132476807,0.3403213918209076,1.0,0.0,0.00176200270652771,0.007535533979535103,0.06364893168210983,0.0,0.26357734203338623
-0.18777979910373688,1.7280056476593018,0.3704143166542053,0.691646933555603,-0.8110679388046265,0.6314507722854614,0.2657131850719452,0.012942568399012089,1.1838693618774414,0.394746333360672,1.0,0.0,0.0011034328490495682,0.004862557630985975,0.06369715183973312,0.0,0.2657131850719452
-0.19587010145187378,1.7470148801803589,0.37323859333992004,0.7272648215293884,-0.8152916431427002,0.6168402433395386,0.2661357522010803,0.013986395671963692,1.2086430788040161,0.38222184777259827,1.0,0.0,0.0031516849994659424,0.011556621640920639,0.06377406418323517,0.0,0.2661357522010803
-0.17222554981708527,1.6561928987503052,0.3309958279132843,0.7558428645133972,-0.8141668438911438,0.6051998138427734,0.2669593095779419,0.014395719394087791,1.2180759906768799,0.41156530380249023,1.0,0.0,0.003926421515643597,0.011374033987522125,0.06385243684053421,0.0,0.2669593095779419
-0.21700836718082428,1.7746551036834717,0.3579326868057251,0.7197920083999634,-0.8146358132362366,0.6233006119728088,0.2659505605697632,0.013274965807795525,1.1811598539352417,0.3576498329639435,1.0,0.0,0.002560937311500311,0.008213256485760212,0.06394284963607788,0.0,0.2659505605697632
-0.22154118120670319,1.6870065927505493,0.3656577169895172,0.6870743036270142,-0.8183454275131226,0.6201411485671997,0.26528382301330566,0.012513915076851845,1.1659290790557861,0.3875092566013336,1.0,0.0,0.0017390165012329817,0.005004703067243099,0.0640784427523613,0.0,0.26528382301330566
-0.17838434875011444,1.7102428674697876,0.3371499478816986,0.6348683834075928,-0.8140299320220947,0.6269494295120239,0.26559245586395264,0.011037272401154041,1.2040073871612549,0.36398622393608093,1.0,0.0,0.0010253462241962552,0.004346559289842844,0.06412409991025925,0.0,0.26559245586395264
-0.17860983312129974,1.7685320377349854,0.33586812019348145,0.6465107202529907,-0.8124988675117493,0.636874794960022,0.2654242217540741,0.01091212872415781,1.268007516860962,0.3771962821483612,1.0,0.0,0.00041247037006542087,0.0009834078373387456,0.06407672166824341,0.0,0.2654242217540741
-0.19102951884269714,1.689257264137268,0.3558734655380249,0.6018139123916626,-0.8166785836219788,0.6345559358596802,0.2646004259586334,0.009982996620237827,1.2031341791152954,0.34666183590888977,1.0,0.0,0.0003128492971882224,0.0006145901279523969,0.06402654200792313,0.0,0.2646004259586334
-0.23223572969436646,1.8045954704284668,0.3706381618976593,0.6241644024848938,-0.8151381611824036,0.6507671475410461,0.2639601528644562,0.010136887431144714,1.2488468885421753,0.3795655369758606,1.0,0.0,0.0003231699811294675,0.0011095249792560935,0.06393548846244812,0.0,0.2639601528644562
-0.20814163982868195,1.8340812921524048,0.34918123483657837,0.5925392508506775,-0.8104678392410278,0.6607917547225952,0.2642040252685547,0.00958904530853033,1.2004772424697876,0.38060858845710754,1.0,0.0,0.0002647251239977777,0.0006607533432543278,0.06379839032888412,0.0,0.2642040252685547
-0.17201203107833862,1.8282538652420044,0.32539764046669006,0.5642432570457458,-0.8087131381034851,0.6591122150421143,0.26460886001586914,0.00882871262729168,1.1892417669296265,0.34844374656677246,1.0,0.0,0.00044305057963356376,0.0016551828011870384,0.06364846974611282,0.0,0.26460886001586914
-0.2052188664674759,1.752286672592163,0.35763755440711975,0.5593106746673584,-0.8226041197776794,0.6310064792633057,0.26374495029449463,0.008664719760417938,1.1838191747665405,0.3645331561565399,1.0,0.0,0.00021579554595518857,0.00041562653495930135,0.06355220824480057,0.0,0.26374495029449463
-0.23294921219348907,1.8200510740280151,0.3720565140247345,0.5748523473739624,-0.81952965259552,0.6511966586112976,0.26332950592041016,0.009137338027358055,1.2102150917053223,0.3332109749317169,1.0,0.0,0.000253104604780674,0.0006831076461821795,0.06351593136787415,0.0,0.26332950592041016
-0.14285925030708313,1.7084236145019531,0.3221662938594818,0.5593462586402893,-0.8133215308189392,0.6442791819572449,0.26453089714050293,0.008195558562874794,1.2276877164840698,0.3531867563724518,1.0,0.0,0.0001348109799437225,0.00017828255658969283,0.06351204216480255,0.0,0.26453089714050293
-0.19663240015506744,1.7716823816299438,0.34023988246917725,0.5623191595077515,-0.8186808824539185,0.6425931453704834,0.26387274265289307,0.008743648417294025,1.1773756742477417,0.3793233633041382,1.0,0.0,0.0002282305504195392,0.00047639908734709024,0.06351373344659805,0.0,0.26387274265289307
-0.21444247663021088,1.6827712059020996,0.3554871678352356,0.5544137358665466,-0.8278111815452576,0.6223439574241638,0.26326099038124084,0.008465352468192577,1.1655001640319824,0.3981406092643738,1.0,0.0,0.0003311789478175342,0.0006366011220961809,0.06344328820705414,0.0,0.26326099038124084
-0.18524397909641266,1.7121676206588745,0.3335537016391754,0.5357207655906677,-0.820354163646698,0.6384223103523254,0.26369279623031616,0.008264634758234024,1.129420518875122,0.3642520606517792,1.0,0.0,0.00039958502748049796,0.0014703543856739998,0.0634227767586708,0.0,0.26369279623031616
-0.18543779850006104,1.6067719459533691,0.33834514021873474,0.5302548408508301,-0.8253791332244873,0.6224039196968079,0.26358434557914734,0.00820145569741726,1.136122226715088,0.35827571153640747,1.0,0.0,0.0004912813892588019,0.0017205008771270514,0.0633668527007103,0.0,0.26358434557914734
-0.18265989422798157,1.57473886013031,0.34144434332847595,0.5251128077507019,-0.8276177644729614,0.6199610829353333,0.2633879780769348,0.007848039269447327,1.1487559080123901,0.3403390944004059,1.0,0.0,0.0002903012209571898,0.0005286945379339159,0.06317604333162308,0.0,0.2633879780769348
-0.15833857655525208,1.555574655532837,0.3258386552333832,0.5161024332046509,-0.8250805139541626,0.6196497082710266,0.263747900724411,0.007502331864088774,1.1534935235977173,0.3506515324115753,1.0,0.0,0.0003119442262686789,0.0006320321699604392,0.06299231946468353,0.0,0.263747900724411
-0.13368481397628784,1.589539647102356,0.3129051923751831,0.5251060128211975,-0.8218231797218323,0.6285011172294617,0.2641827464103699,0.007528994232416153,1.1870344877243042,0.3781771659851074,1.0,0.0,0.00022478973551187664,0.0003938736335840076,0.06279666721820831,0.0,0.2641827464103699
-0.15677030384540558,1.5929348468780518,0.3255023956298828,0.5467364192008972,-0.8267632722854614,0.6169935464859009,0.26384735107421875,0.007994097657501698,1.1912163496017456,0.39417678117752075,1.0,0.0,0.0003715096681844443,0.0009045993792824447,0.06261283904314041,0.0,0.26384735107421875
-0.14108559489250183,1.5927928686141968,0.31225502490997314,0.5228248834609985,-0.8178374767303467,0.63475102186203,0.26407739520072937,0.007871772162616253,1.1217058897018433,0.36896342039108276,1.0,0.0,0.00031712561030872166,0.0005451276665553451,0.06244824454188347,0.0,0.26407739520072937
-0.11280594766139984,1.5164215564727783,0.30238258838653564,0.5087191462516785,-0.8202641606330872,0.6235434412956238,0.2643149197101593,0.007310190703719854,1.144719123840332,0.351626455783844,1.0,0.0,0.00026064409757964313,0.00048609654186293483,0.06227073818445206,0.0,0.2643149197101593
-0.1292998492717743,1.5847195386886597,0.2992278039455414,0.5050724744796753,-0.815166711807251,0.6383019089698792,0.26414966583251953,0.007635067217051983,1.0931411981582642,0.3632630705833435,1.0,0.0,0.00022481764608528465,0.0005442445399239659,0.061997510492801666,0.0,0.26414966583251953
-0.16228033602237701,1.62708580493927,0.3182159960269928,0.5411252975463867,-0.8208352327346802,0.6315136551856995,0.2639225721359253,0.008352491073310375,1.1618245840072632,0.39099910855293274,1.0,0.0,0.0002168523642467335,0.00040733706555329263,0.06172541156411171,0.0,0.2639225721359253
-0.11680908501148224,1.5947428941726685,0.2978421151638031,0.5330495238304138,-0.818652868270874,0.6309080123901367,0.264585018157959,0.008073074743151665,1.201345682144165,0.36338475346565247,1.0,0.0,0.0002802617964334786,0.0007321771117858589,0.061417389661073685,0.0,0.264585018157959
-0.1346169114112854,1.6212158203125,0.3001558780670166,0.531453549861908,-0.8186584115028381,0.6309884786605835,0.26443809270858765,0.008413244970142841,1.1599807739257812,0.3374271094799042,1.0,0.0,0.0002802921808324754,0.0005240720347501338,0.061085253953933716,0.0,0.26443809270858765
-0.13797223567962646,1.592321515083313,0.2997708022594452,0.5110505223274231,-0.8183425068855286,0.6306594014167786,0.2645775079727173,0.008983335457742214,1.133402705192566,0.32828667759895325,1.0,0.0,0.0002796178450807929,0.0004800267342943698,0.06072232127189636,0.0,0.2645775079727173
-0.15349727869033813,1.6304813623428345,0.31568625569343567,0.5390418767929077,-0.8216033577919006,0.6286618113517761,0.2642546594142914,0.009127120487391949,1.1889814138412476,0.3770972192287445,1.0,0.0,0.00028450076933950186,0.0004729497304651886,0.06041500344872475,0.0,0.2642546594142914
-0.15868251025676727,1.6033904552459717,0.31766459345817566,0.5396060943603516,-0.8265715837478638,0.6158007383346558,0.26426640152931213,0.009607397951185703,1.193630337715149,0.3672558069229126,1.0,0.0,0.00040163652738556266,0.0010193433845415711,0.06014443561434746,0.0,0.26426640152931213
-0.1293395608663559,1.6169028282165527,0.3018244802951813,0.5315132141113281,-0.8181605339050293,0.628193736076355,0.2648733854293823,0.009727789089083672,1.1878823041915894,0.35911867022514343,1.0,0.0,0.0003245730767957866,0.0006838344852440059,0.05992607772350311,0.0,0.2648733854293823
-0.20032893121242523,1.7223159074783325,0.33046063780784607,0.5464949607849121,-0.8210933804512024,0.6370704174041748,0.264027863740921,0.010585812851786613,1.1565109491348267,0.3558010160923004,1.0,0.0,0.00039524282328784466,0.0008760335622355342,0.05970586836338043,0.0,0.264027863740921
-0.15615710616111755,1.6106064319610596,0.3116251528263092,0.5177625417709351,-0.8252103328704834,0.6132652759552002,0.2643893361091614,0.009754272177815437,1.1329994201660156,0.3661157488822937,1.0,0.0,0.0003627795958891511,0.0008368695271201432,0.05953272804617882,0.0,0.2643893361091614
-0.17372021079063416,1.5630171298980713,0.3301427364349365,0.5275235176086426,-0.8293342590332031,0.6085953712463379,0.2640474736690521,0.01016760990023613,1.153219223022461,0.3617475926876068,1.0,0.0,0.0003637010813690722,0.0005877696676179767,0.05938538536429405,0.0,0.2640474736690521
-0.17739586532115936,1.5960434675216675,0.3240302503108978,0.5281441807746887,-0.827013373374939,0.6165363192558289,0.2641557455062866,0.010149199515581131,1.1248085498809814,0.3895503282546997,1.0,0.0,0.0008205841877497733,0.0024941577576100826,0.05930531024932861,0.0,0.2641557455062866
-0.23075950145721436,1.7188153266906738,0.3414458930492401,0.5447641611099243,-0.824642539024353,0.6360988616943359,0.26356279850006104,0.010772007517516613,1.1132715940475464,0.3422434628009796,1.0,0.0,0.0006065057241357863,0.0016154609620571136,0.05920280143618584,0.0,0.26356279850006104
-0.18752798438072205,1.631523847579956,0.32299312949180603,0.5295104384422302,-0.8246402144432068,0.6195617318153381,0.26399528980255127,0.009425630792975426,1.0975953340530396,0.38401105999946594,1.0,0.0,0.001303097466006875,0.004989671055227518,0.059097662568092346,0.0,0.26399528980255127
-0.18092812597751617,1.6465027332305908,0.3231596052646637,0.5465930700302124,-0.8261737823486328,0.6202413439750671,0.26421719789505005,0.00978386402130127,1.160160779953003,0.37665611505508423,1.0,0.0,0.0008086584857665002,0.0017845375696197152,0.05901467800140381,0.0,0.26421719789505005
-0.18803447484970093,1.6956653594970703,0.3123741149902344,0.5275216698646545,-0.8226736187934875,0.6267334222793579,0.2642131447792053,0.009294671006500721,1.114305853843689,0.35218650102615356,1.0,0.0,0.0003725503047462553,0.0007828152156434953,0.05896831303834915,0.0,0.2642131447792053
-0.15718533098697662,1.6550910472869873,0.3032163083553314,0.5520460605621338,-0.8207661509513855,0.6240909099578857,0.2647477686405182,0.00915409717708826,1.1760352849960327,0.3892699182033539,1.0,0.0,0.00037462738691829145,0.0007553839823231101,0.05897463485598564,0.0,0.2647477686405182
-0.1545981466770172,1.7179322242736816,0.28933823108673096,0.5392764806747437,-0.8141015768051147,0.6415525078773499,0.26482629776000977,0.00887712836265564,1.1200793981552124,0.37688639760017395,1.0,0.0,0.00031063827918842435,0.0006395291420631111,0.05895095691084862,0.0,0.26482629776000977
-0.17198407649993896,1.676918864250183,0.30765143036842346,0.5508007407188416,-0.819269597530365,0.6337449550628662,0.264453649520874,0.00905880518257618,1.172052025794983,0.3711594045162201,1.0,0.0,0.00024250142450910062,0.0003681734960991889,0.05891222134232521,0.0,0.264453649520874
-0.15079814195632935,1.7506800889968872,0.27665066719055176,0.540322482585907,-0.8107612133026123,0.6469380259513855,0.26512059569358826,0.009000226855278015,1.097891926765442,0.3833267390727997,1.0,0.0,0.0002174327673856169,0.0005074756336398423,0.05884905904531479,0.0,0.26512059569358826
-0.15974365174770355,1.7103917598724365,0.3005717992782593,0.5443372130393982,-0.814093828201294,0.6455603837966919,0.26467210054397583,0.008867069147527218,1.150713324546814,0.39591091871261597,1.0,0.0,0.00024539721198379993,0.00034729891922324896,0.058829415589571,0.0,0.26467210054397583
-0.1808639019727707,1.8094508647918701,0.29838237166404724,0.576278805732727,-0.8124467730522156,0.653021514415741,0.26465892791748047,0.009422224946320057,1.1862303018569946,0.4265765845775604,1.0,0.0,0.00017308893438894302,0.00025612814351916313,0.058762725442647934,0.0,0.26465892791748047
-0.1557254195213318,1.7716484069824219,0.2872152328491211,0.5553386807441711,-0.8093969821929932,0.656528890132904,0.2649669349193573,0.009097779169678688,1.1447417736053467,0.401100754737854,1.0,0.0,0.0003272031026426703,0.0008081526611931622,0.058715227991342545,0.0,0.2649669349193573
-0.17571981251239777,1.865121603012085,0.28875941038131714,0.5688151717185974,-0.8051770329475403,0.6753509044647217,0.2647806406021118,0.009526686742901802,1.1625111103057861,0.41113728284835815,1.0,0.0,0.00022909777180757374,0.0005067113088443875,0.05872112885117531,0.0,0.2647806406021118
-0.18170318007469177,1.8353350162506104,0.2969193756580353,0.5448029637336731,-0.807417094707489,0.6723530888557434,0.26440995931625366,0.009046776220202446,1.1336950063705444,0.3890785872936249,1.0,0.0,0.00021430227207019925,0.0005484475987032056,0.05875963345170021,0.0,0.26440995931625366
-0.12045932561159134,1.7254657745361328,0.2886771261692047,0.5428444147109985,-0.8081914782524109,0.6605435013771057,0.26489153504371643,0.008318701758980751,1.1921604871749878,0.38160377740859985,1.0,0.0,0.00022558713681064546,0.00040363226435147226,0.0587829165160656,0.0,0.26489153504371643
-0.16246828436851501,1.7372194528579712,0.2920088469982147,0.5156515836715698,-0.8109220862388611,0.6626593470573425,0.2642434239387512,0.008525371551513672,1.0866988897323608,0.39427390694618225,1.0,0.0,0.0003952230035793036,0.0008680091123096645,0.058682993054389954,0.0,0.2642434239387512
-0.17885790765285492,1.7600665092468262,0.31192144751548767,0.5333088040351868,-0.8165162205696106,0.6585383415222168,0.2638709545135498,0.00852607935667038,1.16798996925354,0.3879431188106537,1.0,0.0,0.00030740542570129037,0.00046601597568951547,0.058580510318279266,0.0,0.2638709545135498
-0.1583447903394699,1.6636909246444702,0.3050204813480377,0.5196824669837952,-0.8192136883735657,0.6472330689430237,0.26405054330825806,0.008290333673357964,1.1638338565826416,0.3620149493217468,1.0,0.0,0.0004322572785895318,0.0006210020510479808,0.05848785117268562,0.0,0.26405054330825806
-0.17731128633022308,1.702092170715332,0.3127349317073822,0.5477943420410156,-0.8205485343933105,0.6469093561172485,0.2639121115207672,0.0087507339194417,1.2057143449783325,0.4008154571056366,1.0,0.0,0.000538810039870441,0.0010379285085946321,0.0583980530500412,0.0,0.2639121115207672
-0.16060107946395874,1.6474632024765015,0.30126556754112244,0.5222486257553101,-0.8195960521697998,0.6429110169410706,0.2641008496284485,0.008632116951048374,1.1465765237808228,0.37953758239746094,1.0,0.0,0.0008806257974356413,0.002681753598153591,0.05834228917956352,0.0,0.2641008496284485
-0.18326623737812042,1.6585848331451416,0.3153316378593445,0.5176927447319031,-0.821015477180481,0.6443354487419128,0.2636330723762512,0.008729224093258381,1.1364669799804688,0.38124772906303406,1.0,0.0,0.0006384318694472313,0.0013230756158009171,0.058356210589408875,0.0,0.2636330723762512
-0.16517779231071472,1.6802146434783936,0.30223727226257324,0.5073251724243164,-0.8183519840240479,0.6535756587982178,0.2638969421386719,0.008618165738880634,1.1268233060836792,0.33850061893463135,1.0,0.0,0.0005880760145373642,0.0016106783878058195,0.058417342603206635,0.0,0.2638969421386719
-0.16528475284576416,1.665425181388855,0.30512556433677673,0.536984384059906,-0.8175583481788635,0.649943470954895,0.2640281319618225,0.009022240526974201,1.1533088684082031,0.404792457818985,1.0,0.0,0.0007392713450826705,0.0022673814091831446,0.05838592350482941,0.0,0.2640281319618225
-0.17121779918670654,1.6767549514770508,0.29792094230651855,0.5139604210853577,-0.8191341161727905,0.6505305767059326,0.26393088698387146,0.008668924681842327,1.1217916011810303,0.3646314740180969,1.0,0.0,0.0004898004117421806,0.001417637336999178,0.05819747969508171,0.0,0.26393088698387146
-0.1657814085483551,1.6482913494110107,0.297982394695282,0.5108159184455872,-0.8202242851257324,0.6419423222541809,0.26391202211380005,0.008310425095260143,1.116036057472229,0.38554447889328003,1.0,0.0,0.000443461409304291,0.0008050870383158326,0.057973504066467285,0.0,0.26391202211380005
-0.20342575013637543,1.6861679553985596,0.3313807547092438,0.5475701093673706,-0.827190637588501,0.6396369338035583,0.2633538544178009,0.008925176225602627,1.172768473625183,0.3708116114139557,1.0,0.0,0.0016778397839516401,0.007775197271257639,0.057732656598091125,0.0,0.2633538544178009
-0.1508810669183731,1.5307207107543945,0.31238895654678345,0.5346505045890808,-0.8279287219047546,0.6230292320251465,0.2637820541858673,0.008140088059008121,1.164908766746521,0.38290950655937195,1.0,0.0,0.000948903732933104,0.0030681160278618336,0.057501450181007385,0.0,0.2637820541858673
-0.18155260384082794,1.65094792842865,0.3226611614227295,0.5478573441505432,-0.8253960609436035,0.638611376285553,0.26351356506347656,0.008524668402969837,1.1843918561935425,0.39926257729530334,1.0,0.0,0.000728677841834724,0.003349804785102606,0.05726999416947365,0.0,0.26351356506347656
-0.17635543644428253,1.587567925453186,0.3252003788948059,0.5453072190284729,-0.8288152813911438,0.62855464220047,0.2634010910987854,0.00824056752026081,1.164738655090332,0.4282557964324951,1.0,0.0,0.001241820165887475,0.003587950486689806,0.0569763258099556,0.0,0.2634010910987854
