step,next_token_loss,train_loss,token_accuracy,char_accuracy,perplexity,bits_per_char,learning_rate,grad_norm,step_time_sec,wall_clock_time_sec,tokens_per_sec,peak_memory_mb,corruption_resistance_corr,warmup_eta,responsibility_temperature,ambiguity_weight,null_threshold,attractor_entropy_weight,precision_update_threshold
1,4.443909168243408,4.443909168243408,0.033175356686115265,0.033175356686115265,85.10698977675375,6.411205719185763,0.001,0.3348161578178406,0.0038259029388427734,0.005326986312866211,55150.3797594566,0.0,nan,0.005,nan,nan,nan,nan,nan
2,4.441849708557129,4.441849708557129,0.02684563770890236,0.02684563770890236,84.9318957237463,6.4082345469094575,0.001,0.3356577455997467,0.003058910369873047,0.010416030883789062,97420.31114575214,0.0,nan,0.01,nan,nan,nan,nan,nan
3,4.434503078460693,4.434503078460693,0.014925372786819935,0.014925372786819935,84.31021891340046,6.397635600102085,0.001,0.4387311041355133,0.0033922195434570312,0.015295982360839844,59253.240371099244,0.0,nan,0.015,nan,nan,nan,nan,nan
4,4.441895484924316,4.441895484924316,0.01773049682378769,0.01773049682378769,84.9357836863786,6.408300588247389,0.001,0.3078099489212036,0.0031511783599853516,0.020221233367919922,89490.3327532723,0.0,nan,0.02,nan,nan,nan,nan,nan
5,4.395235061645508,4.395235061645508,0.043668121099472046,0.043668121099472046,81.06368348618868,6.340983826977272,0.001,0.3328337073326111,0.003637075424194336,0.02580714225769043,62962.675581776464,0.0,nan,0.025,nan,nan,nan,nan,nan
6,4.393516540527344,4.393516540527344,0.038167938590049744,0.038167938590049744,80.92449346894952,6.338504525082434,0.001,0.32934096455574036,0.0032808780670166016,0.030946016311645508,79856.67088147663,0.0,nan,0.03,nan,nan,nan,nan,nan
7,4.376707553863525,4.376707553863525,0.049504950642585754,0.049504950642585754,79.57560323612044,6.314254283380174,0.001,0.419592946767807,0.002961874008178711,0.035761117935180664,68200.06504065041,0.0,nan,0.035,nan,nan,nan,nan,nan
8,4.373161315917969,4.373161315917969,0.06145251542329788,0.06145251542329788,79.29390898501602,6.309138143482307,0.001,0.3441339433193207,0.0036230087280273438,0.0409698486328125,49406.45011845222,0.0,nan,0.04,nan,nan,nan,nan,nan
9,4.36994743347168,4.36994743347168,0.04782608523964882,0.04782608523964882,79.03947675946652,6.304501491215046,0.001,0.37426501512527466,0.003081083297729492,0.04586315155029297,74649.0691016018,0.0,nan,0.045,nan,nan,nan,nan,nan
10,4.342508792877197,4.342508792877197,0.052173912525177,0.052173912525177,76.90022426884158,6.264915900500651,0.001,0.31737956404685974,0.0030150413513183594,0.05061006546020508,76284.19421160841,0.0,nan,0.05,nan,nan,nan,nan,nan
11,4.336742401123047,4.336742401123047,0.06008583679795265,0.06008583679795265,76.45806351099947,6.256596755713115,0.001,0.3975584805011749,0.0037000179290771484,0.056118011474609375,62972.66782653522,0.0,nan,0.055,nan,nan,nan,nan,nan
12,4.377948760986328,4.377948760986328,0.014354066923260689,0.014354066923260689,79.67443436392011,6.316044966740957,0.001,0.33731159567832947,0.003108978271484375,0.06131291389465332,67224.65766871166,0.0,nan,0.06,nan,nan,nan,nan,nan
13,4.364964008331299,4.364964008331299,0.065476194024086,0.065476194024086,78.64656926957127,6.297311928478377,0.001,0.3639007806777954,0.00302886962890625,0.06620311737060547,55466.23677581864,0.0,nan,0.065,nan,nan,nan,nan,nan
14,4.320251941680908,4.320251941680908,0.061611372977495193,0.061611372977495193,75.20757382790502,6.232806051653962,0.001,0.33593907952308655,0.0028951168060302734,0.07091021537780762,72881.34266655687,0.0,nan,0.07,nan,nan,nan,nan,nan
15,4.319586277008057,4.319586277008057,0.05586592108011246,0.05586592108011246,75.15752746177388,6.231845700531544,0.001,0.38556063175201416,0.003245115280151367,0.07645320892333984,55159.82778634928,0.0,nan,0.075,nan,nan,nan,nan,nan
16,4.357835292816162,4.357835292816162,0.04848484694957733,0.04848484694957733,78.08791386457139,6.2870273659567815,0.001,0.39569202065467834,0.003170013427734375,0.08144712448120117,52050.252707581225,0.0,nan,0.08,nan,nan,nan,nan,nan
17,4.282266139984131,4.282266139984131,0.09756097197532654,0.09756097197532654,72.40433258852515,6.17800412392183,0.001,0.399716317653656,0.003120899200439453,0.08667707443237305,78823.43651642476,0.0,nan,0.085,nan,nan,nan,nan,nan
18,4.30954647064209,4.30954647064209,0.03550295904278755,0.03550295904278755,74.40673564782692,6.217361321675878,0.001,0.3801824152469635,0.0032808780670166016,0.0923299789428711,51510.60068308989,0.0,nan,0.09,nan,nan,nan,nan,nan
19,4.3032073974609375,4.3032073974609375,0.03164556995034218,0.03164556995034218,73.93655772597424,6.208215972233598,0.001,0.351394921541214,0.003403902053833008,0.1058511734008789,46417.31680324998,0.0,nan,0.095,nan,nan,nan,nan,nan
20,4.240927696228027,4.240927696228027,0.06842105090618134,0.06842105090618134,69.47227111724227,6.118365356116832,0.001,0.38395315408706665,0.0030548572540283203,0.11100506782531738,62196.03215484274,0.0,nan,0.1,nan,nan,nan,nan,nan
21,4.272442817687988,4.272442817687988,0.05649717524647713,0.05649717524647713,71.69656350726513,6.163832065560131,0.001,0.330226331949234,0.0029828548431396484,0.11594319343566895,59339.12620893613,0.0,nan,0.105,nan,nan,nan,nan,nan
22,4.254230976104736,4.254230976104736,0.07853402942419052,0.07853402942419052,70.40265504109246,6.137557932022517,0.001,0.3460542559623718,0.0028998851776123047,0.12084126472473145,65864.67680670887,0.0,nan,0.11,nan,nan,nan,nan,nan
23,4.269505977630615,4.269505977630615,0.04790419340133667,0.04790419340133667,71.48631105760859,6.159595100973474,0.001,0.3627898097038269,0.0033168792724609375,0.12647318840026855,50348.53133985049,0.0,nan,0.115,nan,nan,nan,nan,nan
24,4.284216403961182,4.284216403961182,0.03184713423252106,0.03184713423252106,72.54567793572352,6.180817760089945,0.001,0.33792561292648315,0.0029158592224121094,0.13129019737243652,53843.477350776775,0.0,nan,0.12,nan,nan,nan,nan,nan
25,4.230261325836182,4.230261325836182,0.06122449040412903,0.06122449040412903,68.73519210859965,6.102977036448231,0.001,0.389536052942276,0.0029082298278808594,0.1362311840057373,67394.9486801115,0.0,nan,0.125,nan,nan,nan,nan,nan
26,4.247326374053955,4.247326374053955,0.028708133846521378,0.028708133846521378,69.91822704052954,6.1275966968845434,0.001,0.3700352609157562,0.0032799243927001953,0.14192414283752441,63720.981027840375,0.0,nan,0.13,nan,nan,nan,nan,nan
27,4.168980121612549,4.168980121612549,0.06172839552164078,0.06172839552164078,64.64948386197653,6.0145669470150915,0.001,0.3382869362831116,0.0029790401458740234,0.14724087715148926,81569.89771908763,0.0,nan,0.135,nan,nan,nan,nan,nan
28,4.1589765548706055,4.1589765548706055,0.07983193546533585,0.07983193546533585,64.00598245629001,6.0001348508852885,0.001,0.3632817268371582,0.002912759780883789,0.15242600440979004,81709.45011050176,0.0,nan,0.14,nan,nan,nan,nan,nan
29,4.221176624298096,4.221176624298096,0.026455026119947433,0.026455026119947433,68.1135812528946,6.089870582591278,0.001,0.3394860625267029,0.0032958984375,0.15874814987182617,57344.0,0.0,nan,0.145,nan,nan,nan,nan,nan
30,4.177037715911865,4.177037715911865,0.12765957415103912,0.12765957415103912,65.17250750097739,6.026191598352211,0.001,0.42818504571914673,0.0029828548431396484,0.1640629768371582,63026.86851570618,0.0,nan,0.15,nan,nan,nan,nan,nan
31,4.080743789672852,4.080743789672852,0.110047847032547,0.110047847032547,59.18947800392895,5.887268828499458,0.001,0.4712837040424347,0.0029358863830566406,0.16923904418945312,71188.04092902387,0.0,nan,0.155,nan,nan,nan,nan,nan
32,4.1146063804626465,4.1146063804626465,0.10857142508029938,0.10857142508029938,61.22810893898641,5.936122220303548,0.001,0.3992491662502289,0.0035500526428222656,0.17524290084838867,49295.0436534587,0.0,nan,0.16,nan,nan,nan,nan,nan
33,4.0849833488464355,4.0849833488464355,0.12807881832122803,0.12807881832122803,59.44094798265063,5.893385219494744,0.001,0.409955233335495,0.002952098846435547,0.18051719665527344,68764.63511549022,0.0,nan,0.165,nan,nan,nan,nan,nan
34,4.101974010467529,4.101974010467529,0.09259258955717087,0.09259258955717087,60.459517598611015,5.9178975627569175,0.001,0.39936643838882446,0.002902984619140625,0.18565607070922852,55804.636005256245,0.0,nan,0.17,nan,nan,nan,nan,nan
35,4.160741329193115,4.160741329193115,0.07042253762483597,0.07042253762483597,64.11903830029911,6.0026808820486615,0.001,0.35530760884284973,0.0036220550537109375,0.19168615341186523,39204.26329647183,0.0,nan,0.175,nan,nan,nan,nan,nan
36,4.093903541564941,4.093903541564941,0.07960198819637299,0.07960198819637299,59.97354459468936,5.906254337293506,0.001,0.4094869792461395,0.0032570362091064453,0.19742608070373535,61712.54695849498,0.0,nan,0.18,nan,nan,nan,nan,nan
37,4.071854114532471,4.071854114532471,0.06880734115839005,0.06880734115839005,58.665634621273625,5.874443738259317,0.001,0.3598690927028656,0.0029449462890625,0.2029280662536621,74025.11917098446,0.0,nan,0.185,nan,nan,nan,nan,nan
38,4.113222599029541,4.113222599029541,0.06810035556554794,0.06810035556554794,61.143441212976605,5.934125845692332,0.001,0.3491479456424713,0.0034279823303222656,0.20939993858337402,81388.98428154124,0.0,nan,0.19,nan,nan,nan,nan,nan
39,4.085875034332275,4.085875034332275,0.05982905998826027,0.05982905998826027,59.49397425109484,5.894671649723197,0.001,0.34126418828964233,0.0029630661010742188,0.21520614624023438,78972.2510460251,0.0,nan,0.195,nan,nan,nan,nan,nan
40,4.035161972045898,4.035161972045898,0.08296943455934525,0.08296943455934525,56.55207935253526,5.821508166254348,0.001,0.4090961813926697,0.0030851364135742188,0.2209639549255371,74226.86367851622,0.0,nan,0.2,nan,nan,nan,nan,nan
41,4.013738632202148,4.013738632202148,0.07599999755620956,0.07599999755620956,55.35343031447169,5.790600820102491,0.001,0.4646033048629761,0.003325939178466797,0.22742390632629395,75166.73835125448,0.0,nan,0.205,nan,nan,nan,nan,nan
42,3.969045400619507,3.969045400619507,0.08984375,0.08984375,52.93397597302213,5.726122116536912,0.001,0.40411484241485596,0.003223896026611328,0.2334272861480713,79407.02736281615,0.0,nan,0.21,nan,nan,nan,nan,nan
43,4.071597099304199,4.071597099304199,0.03125,0.03125,58.65055859726661,5.874072943664057,0.001,0.40453454852104187,0.003504037857055664,0.23972082138061523,63926.24998298973,0.0,nan,0.215,nan,nan,nan,nan,nan
44,3.8918561935424805,3.8918561935424805,0.10400000214576721,0.10400000214576721,49.00175890772903,5.6147616302767345,0.001,0.45990505814552307,0.002975940704345703,0.24573516845703125,84007.05015221919,0.0,nan,0.22,nan,nan,nan,nan,nan
45,3.971728801727295,3.971728801727295,0.07027027010917664,0.07027027010917664,53.0762098126613,5.729993446007834,0.001,0.42259320616722107,0.0030040740966796875,0.2528879642486572,61583.03492063492,0.0,nan,0.225,nan,nan,nan,nan,nan
46,3.940664768218994,3.940664768218994,0.07563025504350662,0.07563025504350662,51.452794116426105,5.685177518915399,0.001,0.3911879062652588,0.003287076950073242,0.259174108505249,72404.75462392108,0.0,nan,0.23,nan,nan,nan,nan,nan
47,3.8590331077575684,3.8590331077575684,0.12820513546466827,0.12820513546466827,47.41947966889982,5.567407927188169,0.001,0.49874117970466614,0.0030972957611083984,0.26485490798950195,50366.51712724194,0.0,nan,0.235,nan,nan,nan,nan,nan
48,3.8980464935302734,3.8980464935302734,0.09268292784690857,0.09268292784690857,49.30603530473509,5.623692345370738,0.001,0.43998539447784424,0.002955198287963867,0.27053213119506836,69369.28761597419,0.0,nan,0.24,nan,nan,nan,nan,nan
49,3.945009708404541,3.945009708404541,0.048672568053007126,0.048672568053007126,51.67683980933796,5.691445942574047,0.001,0.4003489911556244,0.003323078155517578,0.2776529788970947,68009.23403644712,0.0,nan,0.245,nan,nan,nan,nan,nan
50,3.9426896572113037,3.9426896572113037,0.045045044273138046,0.045045044273138046,51.55708586683018,5.688098816222955,0.001,0.3831334710121155,0.003016233444213867,0.28360605239868164,73601.7301399099,0.0,nan,0.25,nan,nan,nan,nan,nan
51,3.9173176288604736,3.9173176288604736,0.05533596873283386,0.05533596873283386,50.26543323605736,5.651494716743918,0.001,0.3652624785900116,0.0036001205444335938,0.2902061939239502,70275.42463576159,0.0,nan,0.255,nan,nan,nan,nan,nan
52,3.8169589042663574,3.8169589042663574,0.08510638028383255,0.08510638028383255,45.46573222374405,5.506707682462046,0.001,0.43782928586006165,0.003056049346923828,0.2960848808288574,61517.33125292557,0.0,nan,0.26,nan,nan,nan,nan,nan
53,3.923724412918091,3.923724412918091,0.05882352963089943,0.05882352963089943,50.58850683867043,5.660737752331889,0.001,0.4252825379371643,0.003033876419067383,0.3019120693206787,67240.70852652259,0.0,nan,0.265,nan,nan,nan,nan,nan
54,3.879211187362671,3.879211187362671,0.048245612531900406,0.048245612531900406,48.386032499971414,5.5965187425691125,0.001,0.41685450077056885,0.003374814987182617,0.30834293365478516,67559.25906040269,0.0,nan,0.27,nan,nan,nan,nan,nan
55,3.7295098304748535,3.7295098304748535,0.11274509876966476,0.11274509876966476,41.65868334159371,5.38054533737271,0.001,0.4759526252746582,0.0030510425567626953,0.3143341541290283,66862.39087286082,0.0,nan,0.275,nan,nan,nan,nan,nan
56,3.7517199516296387,3.7517199516296387,0.08518518507480621,0.08518518507480621,42.59427913406323,5.412587769020262,0.001,0.3992951214313507,0.003139972686767578,0.3206052780151367,85988.00911161731,0.0,nan,0.28,nan,nan,nan,nan,nan
57,3.8481767177581787,3.8481767177581787,0.056603774428367615,0.056603774428367615,46.90745967733524,5.551745467174093,0.001,0.3820071518421173,0.00322723388671875,0.32711124420166016,65690.93144208037,0.0,nan,0.285,nan,nan,nan,nan,nan
58,3.88981294631958,3.88981294631958,0.04524886980652809,0.04524886980652809,48.901738418015114,5.611813847640946,0.001,0.447391539812088,0.003072023391723633,0.3332250118255615,71939.55638339154,0.0,nan,0.29,nan,nan,nan,nan,nan
59,3.873915195465088,3.873915195465088,0.0211267601698637,0.0211267601698637,48.1304578219603,5.588878241321882,0.001,0.45340925455093384,0.003381967544555664,0.33983826637268066,83974.78575960522,0.0,nan,0.295,nan,nan,nan,nan,nan
60,3.852508783340454,3.852508783340454,0.021621622145175934,0.021621622145175934,47.11110665650682,5.557995316706447,0.001,0.4174095690250397,0.0030660629272460938,0.3459501266479492,60337.96578538103,0.0,nan,0.3,nan,nan,nan,nan,nan
61,3.7048087120056152,3.7048087120056152,0.11518324911594391,0.11518324911594391,40.64227219452337,5.344909156252729,0.001,0.40162035822868347,0.003021240234375,0.35202717781066895,63219.07070707071,0.0,nan,0.305,nan,nan,nan,nan,nan
62,3.6631641387939453,3.6631641387939453,0.11320754885673523,0.11320754885673523,38.98450029473502,5.284828737000316,0.001,0.4165014922618866,0.0033919811248779297,0.35845303535461426,46875.26084206087,0.0,nan,0.31,nan,nan,nan,nan,nan
63,3.7225303649902344,3.7225303649902344,0.09333333373069763,0.09333333373069763,41.36894030103715,5.370476097129994,0.001,0.5472087860107422,0.0031747817993164062,0.364990234375,70871.01231601082,0.0,nan,0.315,nan,nan,nan,nan,nan
64,3.5517237186431885,3.5517237186431885,0.13375796377658844,0.13375796377658844,34.87337760048387,5.124054195494236,0.001,0.47706136107444763,0.0033867359161376953,0.3713111877441406,46357.31981696586,0.0,nan,0.32,nan,nan,nan,nan,nan
65,3.58376407623291,3.58376407623291,0.12734082341194153,0.12734082341194153,36.00882604171873,5.170278660497237,0.001,0.4358277916908264,0.0030798912048339844,0.3778049945831299,86691.37389688806,0.0,nan,0.325,nan,nan,nan,nan,nan
66,3.6401190757751465,3.6401190757751465,0.13215859234333038,0.13215859234333038,38.096372810447406,5.251581738866121,0.001,0.45768505334854126,0.0030040740966796875,0.38397789001464844,75564.04825396826,0.0,nan,0.33,nan,nan,nan,nan,nan
67,3.7660562992095947,3.7660562992095947,0.06565656512975693,0.06565656512975693,43.209323737065205,5.433270746578325,0.001,0.4073755443096161,0.0034952163696289062,0.39060020446777344,56648.85347885403,0.0,nan,0.335,nan,nan,nan,nan,nan
68,3.505625009536743,3.505625009536743,0.14718614518642426,0.14718614518642426,33.30225157404296,5.057547816474985,0.001,0.41687247157096863,0.002992868423461914,0.396942138671875,77183.47996494862,0.0,nan,0.34,nan,nan,nan,nan,nan
69,3.6930148601531982,3.6930148601531982,0.13450291752815247,0.13450291752815247,40.16575874520045,5.327894224672268,0.001,0.4113984704017639,0.002934694290161133,0.40299510955810547,58268.42018035584,0.0,nan,0.345,nan,nan,nan,nan,nan
70,3.538506031036377,3.538506031036377,0.13114753365516663,0.13114753365516663,34.41546512827103,5.104985103131869,0.001,0.49329912662506104,0.003220081329345703,0.4098701477050781,75774.48363690212,0.0,nan,0.35,nan,nan,nan,nan,nan
71,3.700058937072754,3.700058937072754,0.1146245077252388,0.1146245077252388,40.44968827603699,5.338056679511752,0.001,0.4087466299533844,0.003056049346923828,0.4163088798522949,82786.6213137775,0.0,nan,0.355,nan,nan,nan,nan,nan
72,3.63188099861145,3.63188099861145,0.11173184216022491,0.11173184216022491,37.78382113163367,5.239696705795596,0.001,0.5091592669487,0.003317594528198242,0.422900915145874,53954.75501257636,0.0,nan,0.36,nan,nan,nan,nan,nan
73,3.5679526329040527,3.5679526329040527,0.1702127605676651,0.1702127605676651,35.443952034340576,5.1474675696173975,0.001,0.4095745384693146,0.0030679702758789062,0.42939305305480957,61278.29903636929,0.0,nan,0.365,nan,nan,nan,nan,nan
74,3.6399519443511963,3.6399519443511963,0.08843537420034409,0.08843537420034409,38.09000624145395,5.2513406191896115,0.001,0.5040614008903503,0.002977132797241211,0.4354548454284668,49376.36646111956,0.0,nan,0.37,nan,nan,nan,nan,nan
75,3.470547676086426,3.470547676086426,0.1841004192829132,0.1841004192829132,32.15434779065918,5.006941921458603,0.001,0.40159106254577637,0.0032858848571777344,0.4424581527709961,72735.35452038891,0.0,nan,0.375,nan,nan,nan,nan,nan
76,3.5781030654907227,3.5781030654907227,0.139860138297081,0.139860138297081,35.80555559163486,5.162111548373064,0.001,0.4180370271205902,0.0030410289764404297,0.44907212257385254,94047.1143865151,0.0,nan,0.38,nan,nan,nan,nan,nan
77,3.538635730743408,3.538635730743408,0.16393442451953888,0.16393442451953888,34.41992909349675,5.105172220256009,0.001,0.35316064953804016,0.003371000289916992,0.4559030532836914,72382.07624301578,0.0,nan,0.385,nan,nan,nan,nan,nan
78,3.471406936645508,3.471406936645508,0.2091836780309677,0.2091836780309677,32.18198862715835,5.008181572406023,0.001,0.44604963064193726,0.003178119659423828,0.46250009536743164,61671.68672168042,0.0,nan,0.39,nan,nan,nan,nan,nan
79,3.4807655811309814,3.4807655811309814,0.1985294073820114,0.1985294073820114,32.48458214158636,5.021683242394658,0.001,0.4563450217247009,0.0029239654541015625,0.46853113174438477,46512.17742987606,0.0,nan,0.395,nan,nan,nan,nan,nan
80,3.5122556686401367,3.5122556686401367,0.1617647111415863,0.1617647111415863,33.52380114974791,5.067113835481276,0.001,0.459299236536026,0.003255128860473633,0.4755561351776123,83560.4400498059,0.0,nan,0.4,nan,nan,nan,nan,nan
81,3.5087218284606934,3.5087218284606934,0.17499999701976776,0.17499999701976776,33.40554247098066,5.062015581779098,0.001,0.5233626961708069,0.003113985061645508,0.48222899436950684,64226.38389097313,0.0,nan,0.405,nan,nan,nan,nan,nan
82,3.511699914932251,3.511699914932251,0.2067510485649109,0.2067510485649109,33.5051753491148,5.066312052362953,0.001,0.4364250600337982,0.003498077392578125,0.48937106132507324,67751.50272628135,0.0,nan,0.41,nan,nan,nan,nan,nan
83,3.4760637283325195,3.4760637283325195,0.19565217196941376,0.19565217196941376,32.33220293117136,5.014899902679327,0.001,0.43764927983283997,0.0031890869140625,0.4965529441833496,86545.14832535885,0.0,nan,0.415,nan,nan,nan,nan,nan
84,3.39508318901062,3.39508318901062,0.25342464447021484,0.25342464447021484,29.81713382963033,4.898069680191109,0.001,0.4809207022190094,0.003206968307495117,0.5032949447631836,45525.86305850866,0.0,nan,0.42,nan,nan,nan,nan,nan
85,3.5716216564178467,3.5716216564178467,0.14909091591835022,0.14909091591835022,35.57423558833438,5.1527608516456525,0.001,0.4460669457912445,0.004120826721191406,0.5118131637573242,66734.18190233743,0.0,nan,0.425,nan,nan,nan,nan,nan
86,3.2857415676116943,3.2857415676116943,0.27149322628974915,0.27149322628974915,26.728798178347645,4.740323065236121,0.001,0.4818049371242523,0.003170013427734375,0.5187461376190186,69715.79302045728,0.0,nan,0.43,nan,nan,nan,nan,nan
87,3.4414470195770264,3.4414470195770264,0.2037735879421234,0.2037735879421234,31.232118973731634,4.964958548625879,0.001,0.40316009521484375,0.0033867359161376953,0.526252031326294,78246.43153819078,0.0,nan,0.435,nan,nan,nan,nan,nan
88,3.3970515727996826,3.3970515727996826,0.2222222238779068,0.2222222238779068,29.875883194176406,4.900909457722156,0.001,0.4100077152252197,0.002960205078125,0.5328831672668457,79048.57731958762,0.0,nan,0.44,nan,nan,nan,nan,nan
89,3.486492395401001,3.486492395401001,0.19285714626312256,0.19285714626312256,32.671149017179914,5.029945288942107,0.001,0.4071938097476959,0.0036139488220214844,0.5403449535369873,77477.5775168228,0.0,nan,0.445,nan,nan,nan,nan,nan
90,3.494412660598755,3.494412660598755,0.1492537260055542,0.1492537260055542,32.930940632885324,5.041371816265432,0.001,0.4235714375972748,0.0029518604278564453,0.5470180511474609,68092.6503513448,0.0,nan,0.45,nan,nan,nan,nan,nan
91,3.322246551513672,3.322246551513672,0.23655913770198822,0.23655913770198822,27.722560814039976,4.792988624479235,0.001,0.3789660334587097,0.0030651092529296875,0.5537781715393066,60682.99191039203,0.0,nan,0.455,nan,nan,nan,nan,nan
92,3.4314117431640625,3.4314117431640625,0.14917127788066864,0.14917127788066864,30.920263422356598,4.950480705110946,0.001,0.4607509970664978,0.003017902374267578,0.5607459545135498,59975.43245378417,0.0,nan,0.46,nan,nan,nan,nan,nan
93,3.445722818374634,3.445722818374634,0.2298850566148758,0.2298850566148758,31.36594713774541,4.971127222347027,0.001,0.4931958317756653,0.002958059310913086,0.5672712326049805,58822.34996373015,0.0,nan,0.465,nan,nan,nan,nan,nan
94,3.293073892593384,3.293073892593384,0.2395833283662796,0.2395833283662796,26.925502682351244,4.75090137412539,0.001,0.36164164543151855,0.0036220550537109375,0.5750491619110107,79512.8720379147,0.0,nan,0.47,nan,nan,nan,nan,nan
95,3.3164238929748535,3.3164238929748535,0.17112299799919128,0.17112299799919128,27.56161084169198,4.784588303880492,0.001,0.4570740759372711,0.003134012222290039,0.5824239253997803,59667.9230125523,0.0,nan,0.475,nan,nan,nan,nan,nan
96,3.338374376296997,3.338374376296997,0.19409282505512238,0.19409282505512238,28.17329029063356,4.816256157314464,0.001,0.4487009048461914,0.0035719871520996094,0.589918851852417,66349.62274729676,0.0,nan,0.48,nan,nan,nan,nan,nan
97,3.322970151901245,3.322970151901245,0.2102803736925125,0.2102803736925125,27.74262812927248,4.794032559169972,0.001,0.43378889560699463,0.0031418800354003906,0.5971541404724121,68112.08499013507,0.0,nan,0.485,nan,nan,nan,nan,nan
98,3.2676808834075928,3.2676808834075928,0.25641027092933655,0.25641027092933655,26.250390980123143,4.714267005699801,0.001,0.42761895060539246,0.0030329227447509766,0.6040220260620117,77153.30052668815,0.0,nan,0.49,nan,nan,nan,nan,nan
99,3.1573915481567383,3.1573915481567383,0.2624434530735016,0.2624434530735016,23.509193282409004,4.555153128670453,0.001,0.5021380186080933,0.0032362937927246094,0.6115200519561768,68287.99057020775,0.0,nan,0.495,nan,nan,nan,nan,nan
100,3.267909288406372,3.267909288406372,0.23188406229019165,0.23188406229019165,26.25638738542132,4.714596524458854,0.001,0.39261627197265625,0.0030603408813476562,0.6184282302856445,67639.52383920224,0.0,nan,0.5,nan,nan,nan,nan,nan
101,3.1539182662963867,3.1539182662963867,0.25471699237823486,0.25471699237823486,23.427680867570643,4.550142242154914,0.001,0.3947485089302063,0.003226041793823242,0.6258590221405029,65715.20567585544,0.0,nan,0.505,nan,nan,nan,nan,nan
102,3.167294502258301,3.167294502258301,0.22727273404598236,0.22727273404598236,23.743160314777676,4.569440071442928,0.001,0.4807330369949341,0.002918243408203125,0.632946252822876,60310.25359477124,0.0,nan,0.51,nan,nan,nan,nan,nan
103,3.1901941299438477,3.1901941299438477,0.20000000298023224,0.20000000298023224,24.29314301185197,4.60247725074307,0.001,0.4963632822036743,0.003531932830810547,0.6408989429473877,77861.05035776968,0.0,nan,0.515,nan,nan,nan,nan,nan
104,3.1896464824676514,3.1896464824676514,0.2186046540737152,0.2186046540737152,24.27984257570022,4.601687162445007,0.001,0.421786367893219,0.0029811859130859375,0.6479830741882324,72118.95073576455,0.0,nan,0.52,nan,nan,nan,nan,nan
105,3.2503039836883545,3.2503039836883545,0.20512820780277252,0.20512820780277252,25.7981809515579,4.689197438648831,0.001,0.46467506885528564,0.003175973892211914,0.654871940612793,36839.0937617296,0.0,nan,0.525,nan,nan,nan,nan,nan
106,3.164736032485962,3.164736032485962,0.2562277615070343,0.2562277615070343,23.682491799187652,4.5657489797901105,0.001,0.4870162904262543,0.003373861312866211,0.6647632122039795,83287.35947989541,0.0,nan,0.53,nan,nan,nan,nan,nan
107,3.3354039192199707,3.3354039192199707,0.19834710657596588,0.19834710657596588,28.08972691326372,4.811970693620265,0.001,0.4138416647911072,0.0035500526428222656,0.673032283782959,34084.001611820015,0.0,nan,0.535,nan,nan,nan,nan,nan
108,3.253953456878662,3.253953456878662,0.23595505952835083,0.23595505952835083,25.89250272901178,4.694462515522345,0.001,0.4414201080799103,0.0030078887939453125,0.6806168556213379,59177.71972098922,0.0,nan,0.54,nan,nan,nan,nan,nan
109,3.3599843978881836,3.3599843978881836,0.192592591047287,0.192592591047287,28.788741710571475,4.847432828297572,0.001,0.4519023895263672,0.0032978057861328125,0.6882569789886475,40936.31000578369,0.0,nan,0.545,nan,nan,nan,nan,nan
110,3.109276294708252,3.109276294708252,0.2620967626571655,0.2620967626571655,22.40482404235456,4.485737491129206,0.001,0.4117032289505005,0.0033578872680664062,0.696303129196167,73855.96364669128,0.0,nan,0.55,nan,nan,nan,nan,nan
111,3.137197732925415,3.137197732925415,0.27046263217926025,0.27046263217926025,23.039214282529272,4.526019611579595,0.001,0.41504552960395813,0.002930164337158203,0.7037999629974365,95899.05809601302,0.0,nan,0.555,nan,nan,nan,nan,nan
112,3.1333043575286865,3.1333043575286865,0.2830188572406769,0.2830188572406769,22.949688364573788,4.520402658202416,0.001,0.5833023190498352,0.0033271312713623047,0.7116851806640625,47788.916947330705,0.0,nan,0.56,nan,nan,nan,nan,nan
113,3.18204927444458,3.18204927444458,0.2556053698062897,0.2556053698062897,24.096082476582882,4.59072670810552,0.001,0.4874815344810486,0.002955913543701172,0.718925952911377,75441.98999838684,0.0,nan,0.565,nan,nan,nan,nan,nan
114,3.2296974658966064,3.2296974658966064,0.22857142984867096,0.22857142984867096,25.272010169374543,4.659468517620686,0.001,0.4777187705039978,0.0030786991119384766,0.726675271987915,68210.62804925269,0.0,nan,0.57,nan,nan,nan,nan,nan
115,3.062758445739746,3.062758445739746,0.23391813039779663,0.23391813039779663,21.3864692868142,4.418626421109521,0.001,0.41684964299201965,0.0031108856201171875,0.7340579032897949,54968.26977314531,0.0,nan,0.575,nan,nan,nan,nan,nan
116,3.138899564743042,3.138899564743042,0.2445414811372757,0.2445414811372757,23.078456532832266,4.528474835903313,0.001,0.42142802476882935,0.0034770965576171875,0.7421722412109375,65859.5458036204,0.0,nan,0.58,nan,nan,nan,nan,nan
117,3.15224552154541,3.15224552154541,0.23728813230991364,0.23728813230991364,23.388525095308186,4.5477289815980075,0.001,0.469392329454422,0.0030059814453125,0.7498171329498291,78510.13197969543,0.0,nan,0.585,nan,nan,nan,nan,nan
118,3.234898328781128,3.234898328781128,0.23000000417232513,0.23000000417232513,25.403788813371325,4.666971776712529,0.001,0.5122554302215576,0.0036962032318115234,0.7578558921813965,54109.578791201704,0.0,nan,0.59,nan,nan,nan,nan,nan
119,3.0437185764312744,3.0437185764312744,0.2938775420188904,0.2938775420188904,20.98312569607343,4.3911576960790155,0.001,0.40128302574157715,0.0032148361206054688,0.7656280994415283,76209.17235241768,0.0,nan,0.595,nan,nan,nan,nan,nan
120,2.9818201065063477,2.9818201065063477,0.25339367985725403,0.25339367985725403,19.723683198505704,4.301857080479708,0.001,0.41882064938545227,0.003565073013305664,0.7736401557922363,61990.31525446399,0.0,nan,0.6,nan,nan,nan,nan,nan
121,3.0532867908477783,3.0532867908477783,0.2544642984867096,0.2544642984867096,21.184860322867145,4.404961711567868,0.001,0.3966076672077179,0.003200054168701172,0.7814362049102783,69998.81507971986,0.0,nan,0.605,nan,nan,nan,nan,nan
122,3.1471540927886963,3.1471540927886963,0.26436781883239746,0.26436781883239746,23.269746718469946,4.540383602579657,0.001,0.4877244532108307,0.003289937973022461,0.7892920970916748,52888.535111239944,0.0,nan,0.61,nan,nan,nan,nan,nan
123,3.0748775005340576,3.0748775005340576,0.2477477490901947,0.2477477490901947,21.6472299749739,4.436110521361536,0.001,0.47445711493492126,0.003437042236328125,0.806419849395752,64590.41953385128,0.0,nan,0.615,nan,nan,nan,nan,nan
124,3.054461717605591,3.054461717605591,0.2638888955116272,0.2638888955116272,21.209765610200204,4.406656772574771,0.001,0.42327043414115906,0.0030629634857177734,0.814439058303833,94026.58612905737,0.0,nan,0.62,nan,nan,nan,nan,nan
125,3.0162394046783447,3.0162394046783447,0.25,0.25,20.414376941805383,4.351513631263328,0.001,0.4777105748653412,0.0032210350036621094,0.8221879005432129,64575.51680236861,0.0,nan,0.625,nan,nan,nan,nan,nan
126,2.991281747817993,2.991281747817993,0.2928176820278168,0.2928176820278168,19.91118726355875,4.31550734347869,0.001,0.4511936604976654,0.0030760765075683594,0.8301091194152832,58841.18927298093,0.0,nan,0.63,nan,nan,nan,nan,nan
127,3.063544511795044,3.063544511795044,0.261904776096344,0.261904776096344,21.403287073442858,4.41976047470931,0.001,0.35262659192085266,0.0033719539642333984,0.8382000923156738,74734.1163826628,0.0,nan,0.635,nan,nan,nan,nan,nan
128,3.105717182159424,3.105717182159424,0.23555555939674377,0.23555555939674377,22.32522448786358,4.480602777105046,0.001,0.5344183444976807,0.0030219554901123047,0.8460671901702881,74455.10059171598,0.0,nan,0.64,nan,nan,nan,nan,nan
129,2.8974597454071045,2.8974597454071045,0.31840795278549194,0.31840795278549194,18.12803700148748,4.180150805874228,0.001,0.40786147117614746,0.0030591487884521484,0.8537940979003906,65704.55178863689,0.0,nan,0.645,nan,nan,nan,nan,nan
130,2.9357635974884033,2.9357635974884033,0.2886597812175751,0.2886597812175751,18.835880676335197,4.235411583318863,0.001,0.4921119511127472,0.0035321712493896484,0.8625562191009521,54923.72433344583,0.0,nan,0.65,nan,nan,nan,nan,nan
131,3.074003219604492,3.074003219604492,0.24309392273426056,0.24309392273426056,21.628312485434023,4.434849200600108,0.001,0.5673066973686218,0.002980947494506836,0.8700850009918213,60718.94937215068,0.0,nan,0.655,nan,nan,nan,nan,nan
132,2.89192271232605,2.89192271232605,0.29611650109291077,0.29611650109291077,18.02793884007134,4.172162555706953,0.001,0.5160465836524963,0.003231048583984375,0.878838062286377,63756.3919716647,0.0,nan,0.66,nan,nan,nan,nan,nan
133,3.04490065574646,3.04490065574646,0.27931034564971924,0.27931034564971924,21.007944080686322,4.3928630760449705,0.001,0.49384522438049316,0.0033080577850341797,0.8871872425079346,87664.73225225226,0.0,nan,0.665,nan,nan,nan,nan,nan
134,2.821018695831299,2.821018695831299,0.28205129504203796,0.28205129504203796,16.793949887953126,4.069869682730866,0.001,0.5118643641471863,0.0034041404724121094,0.8957040309906006,34369.909511136015,0.0,nan,0.67,nan,nan,nan,nan,nan
135,3.0065653324127197,3.0065653324127197,0.2935323417186737,0.2935323417186737,20.21783897803672,4.337556895180509,0.001,0.44217586517333984,0.0032019615173339844,0.9039900302886963,62774.02114668652,0.0,nan,0.675,nan,nan,nan,nan,nan
136,2.842029094696045,2.842029094696045,0.2996389865875244,0.2996389865875244,17.150530304791005,4.100181280980134,0.001,0.4273996949195862,0.00345611572265625,0.9133129119873047,80147.77924944813,0.0,nan,0.68,nan,nan,nan,nan,nan
137,2.8709726333618164,2.8709726333618164,0.3314606845378876,0.3314606845378876,17.654180897294495,4.141937980679021,0.001,0.4330264925956726,0.0033779144287109375,0.9215230941772461,52695.23658949746,0.0,nan,0.685,nan,nan,nan,nan,nan
138,3.02129864692688,3.02129864692688,0.2282157689332962,0.2282157689332962,20.51791992376482,4.3588125749659445,0.001,0.4952039122581482,0.0033228397369384766,0.9305629730224609,72528.32489057904,0.0,nan,0.69,nan,nan,nan,nan,nan
139,2.968585729598999,2.968585729598999,0.296875,0.296875,19.464372235387746,4.282763910546222,0.001,0.4209790527820587,0.003340005874633789,0.9388091564178467,57484.928831465484,0.0,nan,0.695,nan,nan,nan,nan,nan
140,2.773874282836914,2.773874282836914,0.30737704038619995,0.30737704038619995,16.020582196549945,4.001854671898246,0.001,0.3725472092628479,0.003081083297729492,0.9472010135650635,79192.92548169929,0.0,nan,0.7,nan,nan,nan,nan,nan
141,2.8527586460113525,2.8527586460113525,0.282527893781662,0.282527893781662,17.33553855263266,4.115660751453692,0.001,0.34471598267555237,0.003377199172973633,0.9556660652160645,79651.80204729969,0.0,nan,0.705,nan,nan,nan,nan,nan
142,2.7701780796051025,2.7701780796051025,0.3037974536418915,0.3037974536418915,15.96147617009435,3.9965221778255935,0.001,0.46162477135658264,0.003314971923828125,0.9645569324493408,71493.81818181818,0.0,nan,0.71,nan,nan,nan,nan,nan
143,2.928295373916626,2.928295373916626,0.2648083567619324,0.2648083567619324,18.69573408270169,4.224637214207609,0.001,0.39621207118034363,0.003559112548828125,0.973376989364624,80638.07931404073,0.0,nan,0.715,nan,nan,nan,nan,nan
144,2.882896900177002,2.882896900177002,0.31515151262283325,0.31515151262283325,17.865954171934913,4.159141061279525,0.001,0.43139657378196716,0.0030989646911621094,0.9814901351928711,53243.58824434529,0.0,nan,0.72,nan,nan,nan,nan,nan
145,2.7498605251312256,2.7498605251312256,0.30434781312942505,0.30434781312942505,15.640450282301693,3.96721014274314,0.001,0.49112212657928467,0.00350189208984375,0.9900751113891602,59110.901960784315,0.0,nan,0.725,nan,nan,nan,nan,nan
146,2.831500768661499,2.831500768661499,0.29389312863349915,0.29389312863349915,16.97091113383763,4.0849921172212325,0.001,0.4449152648448944,0.003225088119506836,0.9985342025756836,81238.09033784283,0.0,nan,0.73,nan,nan,nan,nan,nan
147,2.923085927963257,2.923085927963257,0.2552083432674408,0.2552083432674408,18.598592911965998,4.2171215723649045,0.001,0.38029032945632935,0.005714893341064453,1.009225845336914,33596.42753441802,0.0,nan,0.735,nan,nan,nan,nan,nan
148,2.8036439418792725,2.8036439418792725,0.2647058963775635,0.2647058963775635,16.504679419469184,4.044803211367611,0.001,0.39321190118789673,0.003410816192626953,1.0199050903320312,69778.01985181043,0.0,nan,0.74,nan,nan,nan,nan,nan
149,2.843219518661499,2.843219518661499,0.28260868787765503,0.28260868787765503,17.170958863996844,4.101898699731651,0.001,0.4319024085998535,0.0032379627227783203,1.0291850566864014,71032.31868050953,0.0,nan,0.745,nan,nan,nan,nan,nan
150,2.780400514602661,2.780400514602661,0.28925618529319763,0.28925618529319763,16.125478144312215,4.011270034102381,0.001,0.5507218241691589,0.003032684326171875,1.03718900680542,39898.6465408805,0.0,nan,0.75,nan,nan,nan,nan,nan
151,2.8019180297851562,2.8019180297851562,0.291304349899292,0.291304349899292,16.476218361356732,4.04231324654842,0.001,0.44708287715911865,0.003294229507446289,1.046321153640747,69819.05768256496,0.0,nan,0.755,nan,nan,nan,nan,nan
152,2.647825241088867,2.647825241088867,0.3298429250717163,0.3298429250717163,14.123290470755451,3.820004344459533,0.001,0.4879876375198364,0.004688262939453125,1.056359052658081,40740.035801464604,0.0,nan,0.76,nan,nan,nan,nan,nan
153,2.7257516384124756,2.7257516384124756,0.25735294818878174,0.25735294818878174,15.267885544317295,3.932428371432646,0.001,0.5437515377998352,0.0032689571380615234,1.0652790069580078,41603.482167602655,0.0,nan,0.765,nan,nan,nan,nan,nan
154,2.6454784870147705,2.6454784870147705,0.31515151262283325,0.31515151262283325,14.090185441178223,3.8166186939946476,0.001,0.49826928973197937,0.003667116165161133,1.0743870735168457,44994.484103764386,0.0,nan,0.77,nan,nan,nan,nan,nan
155,2.7834346294403076,2.7834346294403076,0.2954545319080353,0.2954545319080353,16.174478996328883,4.015647336532141,0.001,0.3889102041721344,0.003159046173095703,1.0829801559448242,55713.01916981132,0.0,nan,0.775,nan,nan,nan,nan,nan
156,2.7411482334136963,2.7411482334136963,0.3105263113975525,0.3105263113975525,15.504777983343756,3.9546409626874826,0.001,0.4406891167163849,0.0032188892364501953,1.0917060375213623,59026.57284645582,0.0,nan,0.78,nan,nan,nan,nan,nan
157,2.636242389678955,2.636242389678955,0.339483380317688,0.339483380317688,13.960646256090651,3.803293822171099,0.001,0.41599419713020325,0.0031731128692626953,1.1006100177764893,85405.09309489818,0.0,nan,0.785,nan,nan,nan,nan,nan
158,2.6814963817596436,2.6814963817596436,0.3306122422218323,0.3306122422218323,14.606934500766252,3.8685815321263366,0.001,0.37545499205589294,0.0031890869140625,1.109699010848999,76824.4976076555,0.0,nan,0.79,nan,nan,nan,nan,nan
159,2.7016069889068604,2.7016069889068604,0.28834354877471924,0.28834354877471924,14.90366251179639,3.897595005326892,0.001,0.44959557056427,0.003149747848510742,1.1182892322540283,51750.17424873212,0.0,nan,0.795,nan,nan,nan,nan,nan
160,2.784729242324829,2.784729242324829,0.31336405873298645,0.31336405873298645,16.19543224548461,4.017515068120511,0.001,0.43824538588523865,0.0032291412353515625,1.1272821426391602,67200.52923803899,0.0,nan,0.8,nan,nan,nan,nan,nan
161,2.634883403778076,2.634883403778076,0.3283582031726837,0.3283582031726837,13.9416868203823,3.8013332199512626,0.001,0.3543839156627655,0.0029959678649902344,1.135909080505371,89453.56294763648,0.0,nan,0.805,nan,nan,nan,nan,nan
162,2.728867769241333,2.728867769241333,0.3066037595272064,0.3066037595272064,15.315536477866319,3.9369239979261996,0.001,0.43692994117736816,0.0031299591064453125,1.1446382999420166,67732.51432053625,0.0,nan,0.81,nan,nan,nan,nan,nan
163,2.793365716934204,2.793365716934204,0.3137255012989044,0.3137255012989044,16.3359094254934,4.02997486721022,0.001,0.44899019598960876,0.003098011016845703,1.1533381938934326,65848.70063106049,0.0,nan,0.815,nan,nan,nan,nan,nan
164,2.8158278465270996,2.8158278465270996,0.2679425776004791,0.2679425776004791,16.707000889672138,4.062380870181696,0.001,0.4407050311565399,0.003129720687866211,1.1621732711791992,66779.12211472538,0.0,nan,0.82,nan,nan,nan,nan,nan
165,2.557960033416748,2.557960033416748,0.3279569745063782,0.3279569745063782,12.90945557816593,3.6903562550025097,0.001,0.5360312461853027,0.0030028820037841797,1.170625925064087,61940.49575228265,0.0,nan,0.825,nan,nan,nan,nan,nan
166,2.6815314292907715,2.6815314292907715,0.3333333432674408,0.3333333432674408,14.60744644672902,3.8686320950256903,0.001,0.40796324610710144,0.0033338069915771484,1.1800191402435303,77389.00321819352,0.0,nan,0.83,nan,nan,nan,nan,nan
167,2.6392662525177,2.6392662525177,0.3232758641242981,0.3232758641242981,14.002925226196915,3.8076563340928846,0.001,0.48656076192855835,0.0035130977630615234,1.1893510818481445,66038.58350865287,0.0,nan,0.835,nan,nan,nan,nan,nan
168,2.420046806335449,2.420046806335449,0.3333333432674408,0.3333333432674408,11.246385704664446,3.491389526219326,0.001,0.5403968095779419,0.003323078155517578,1.199052095413208,43333.317262161,0.0,nan,0.84,nan,nan,nan,nan,nan
169,2.622284173965454,2.622284173965454,0.33879780769348145,0.33879780769348145,13.767134227316298,3.7831563735815728,0.001,0.4334085285663605,0.0032999515533447266,1.2114570140838623,55455.3595838451,0.0,nan,0.845,nan,nan,nan,nan,nan
170,2.5113978385925293,2.5113978385925293,0.3661971688270569,0.3661971688270569,12.322142393856602,3.6231812074367036,0.001,0.4245792031288147,0.003551006317138672,1.2223379611968994,59982.996642943464,0.0,nan,0.85,nan,nan,nan,nan,nan
171,2.527890682220459,2.527890682220459,0.3612716794013977,0.3612716794013977,12.527054710018197,3.6469753511488747,0.001,0.43630751967430115,0.0032930374145507812,1.23213791847229,105070.16970750073,0.0,nan,0.855,nan,nan,nan,nan,nan
172,2.4702234268188477,2.4702234268188477,0.36082473397254944,0.36082473397254944,11.825088598444973,3.563779087759293,0.001,0.4938521087169647,0.0037622451782226562,1.2416350841522217,51564.95411913815,0.0,nan,0.86,nan,nan,nan,nan,nan
173,2.6449692249298096,2.6449692249298096,0.2985074520111084,0.2985074520111084,14.083011670782637,3.8158839841101617,0.001,0.4346003234386444,0.003075838088989258,1.2520420551300049,87130.72412991241,0.0,nan,0.865,nan,nan,nan,nan,nan
174,2.4535791873931885,2.4535791873931885,0.36936935782432556,0.36936935782432556,11.629897899080397,3.539766526080526,0.001,0.5228267312049866,0.0032880306243896484,1.2619502544403076,67517.61931694583,0.0,nan,0.87,nan,nan,nan,nan,nan
175,2.454511880874634,2.454511880874634,0.3980099558830261,0.3980099558830261,11.640750089137498,3.5411121183408762,0.001,0.46360713243484497,0.0034618377685546875,1.2935731410980225,58061.646280991736,0.0,nan,0.875,nan,nan,nan,nan,nan
176,2.706480026245117,2.706480026245117,0.27843138575553894,0.27843138575553894,14.976465858337553,3.904625312128862,0.001,0.4223345220088959,0.0030498504638671875,1.302819013595581,83610.65666041276,0.0,nan,0.88,nan,nan,nan,nan,nan
177,2.6232941150665283,2.6232941150665283,0.33023256063461304,0.33023256063461304,13.78104524548856,3.7846134105996825,0.001,0.40727734565734863,0.0032618045806884766,1.3123390674591064,65914.4331554711,0.0,nan,0.885,nan,nan,nan,nan,nan
178,2.565873384475708,2.565873384475708,0.36032387614250183,0.36032387614250183,13.01201790276253,3.701772807332085,0.001,0.36474156379699707,0.0032041072845458984,1.3216209411621094,77088.55480318476,0.0,nan,0.89,nan,nan,nan,nan,nan
179,2.6200621128082275,2.6200621128082275,0.30635836720466614,0.30635836720466614,13.736576775939596,3.7799506169694896,0.001,0.4825127124786377,0.0034918785095214844,1.3312530517578125,49543.53352451181,0.0,nan,0.895,nan,nan,nan,nan,nan
180,2.328918695449829,2.328918695449829,0.35779815912246704,0.35779815912246704,10.266833954517244,3.3599194525590628,0.001,0.5643875598907471,0.003749847412109375,1.3407669067382812,58135.698880976604,0.0,nan,0.9,nan,nan,nan,nan,nan
181,2.4785304069519043,2.4785304069519043,0.33636364340782166,0.33636364340782166,11.923728507157414,3.575763526802017,0.001,0.4182341396808624,0.003134012222290039,1.3498752117156982,70197.55648535564,0.0,nan,0.905,nan,nan,nan,nan,nan
182,2.530745267868042,2.530745267868042,0.3688524663448334,0.3688524663448334,12.562865348549906,3.6510936477064355,0.001,0.38312506675720215,0.003428936004638672,1.3609960079193115,71159.09998609373,0.0,nan,0.91,nan,nan,nan,nan,nan
183,2.710782527923584,2.710782527923584,0.30392158031463623,0.30392158031463623,15.04104094542562,3.910832509963803,0.001,0.5500435829162598,0.003056049346923828,1.3704280853271484,33376.424403183024,0.0,nan,0.915,nan,nan,nan,nan,nan
184,2.5793845653533936,2.5793845653533936,0.3288590610027313,0.3288590610027313,13.18901868235895,3.7212653209808755,0.001,0.4200676679611206,0.0033216476440429688,1.3806440830230713,89714.51277634224,0.0,nan,0.92,nan,nan,nan,nan,nan
185,2.5463600158691406,2.5463600158691406,0.30813953280448914,0.30813953280448914,12.76057086904352,3.6736209672123517,0.001,0.5011722445487976,0.0037279129028320312,1.3903331756591797,46138.416986441545,0.0,nan,0.925,nan,nan,nan,nan,nan
186,2.463303565979004,2.463303565979004,0.35978835821151733,0.35978835821151733,11.743543098078923,3.5537958388420083,0.001,0.46324747800827026,0.003229856491088867,1.3997161388397217,58516.53177825349,0.0,nan,0.93,nan,nan,nan,nan,nan
187,2.4447708129882812,2.4447708129882812,0.35164836049079895,0.35164836049079895,11.527907249440466,3.527058728008273,0.001,0.4509825110435486,0.0035021305084228516,1.409576177597046,51968.3659881544,0.0,nan,0.935,nan,nan,nan,nan,nan
188,2.4828789234161377,2.4828789234161377,0.3368055522441864,0.3368055522441864,11.975691936916833,3.5820371099401904,0.001,0.3196963369846344,0.0030689239501953125,1.4189510345458984,93843.96768178993,0.0,nan,0.94,nan,nan,nan,nan,nan
189,2.527824878692627,2.527824878692627,0.3144329786300659,0.3144329786300659,12.526230412746065,3.6468804167255984,0.001,0.43676701188087463,0.0031571388244628906,1.4283030033111572,61448.04228968434,0.0,nan,0.945,nan,nan,nan,nan,nan
190,2.365473985671997,2.365473985671997,0.3118811845779419,0.3118811845779419,10.649085135248365,3.412657588480841,0.001,0.4613625109195709,0.002974987030029297,1.4373371601104736,67899.45568200032,0.0,nan,0.95,nan,nan,nan,nan,nan
191,2.2570221424102783,2.2570221424102783,0.39150944352149963,0.39150944352149963,9.554594539483867,3.2561946520318923,0.001,0.5881415009498596,0.0033159255981445312,1.4472391605377197,63933.88323267184,0.0,nan,0.955,nan,nan,nan,nan,nan
192,2.3338992595672607,2.3338992595672607,0.39737990498542786,0.39737990498542786,10.318096130620685,3.367104887712111,0.001,0.3836115598678589,0.0035140514373779297,1.4571011066436768,65166.94592577515,0.0,nan,0.96,nan,nan,nan,nan,nan
193,2.5492703914642334,2.5492703914642334,0.3263157904148102,0.3263157904148102,12.797763018389787,3.677819751650516,0.001,0.5313130617141724,0.0031599998474121094,1.4666831493377686,60126.5851818319,0.0,nan,0.965,nan,nan,nan,nan,nan
194,2.495591402053833,2.495591402053833,0.35433071851730347,0.35433071851730347,12.128904456933178,3.6003773398282,0.001,0.41072389483451843,0.003198862075805664,1.4765260219573975,79403.23589476038,0.0,nan,0.97,nan,nan,nan,nan,nan
195,2.3722033500671387,2.3722033500671387,0.3395348787307739,0.3395348787307739,10.720988369790847,3.422366009122047,0.001,0.3567901849746704,0.0030579566955566406,1.4860050678253174,70308.38609075316,0.0,nan,0.975,nan,nan,nan,nan,nan
196,2.381460189819336,2.381460189819336,0.4188481569290161,0.4188481569290161,10.820691597560803,3.4357208059268456,0.001,0.42382094264030457,0.00325775146484375,1.4959580898284912,58629.395784543325,0.0,nan,0.98,nan,nan,nan,nan,nan
197,2.546915054321289,2.546915054321289,0.3063829839229584,0.3063829839229584,12.767655442470662,3.6744217184347687,0.001,0.47536155581474304,0.003345966339111328,1.5058679580688477,70233.82072110589,0.0,nan,0.985,nan,nan,nan,nan,nan
198,2.4616732597351074,2.4616732597351074,0.32773110270500183,0.32773110270500183,11.724413124535442,3.5514438041088088,0.001,0.5909731984138489,0.0030879974365234375,1.5153160095214844,38536.30142063002,0.0,nan,0.99,nan,nan,nan,nan,nan
199,2.444298028945923,2.444298028945923,0.38461539149284363,0.38461539149284363,11.522458327034421,3.526376644814951,0.001,0.39327964186668396,0.0033791065216064453,1.5254061222076416,73096.24553728921,0.0,nan,0.995,nan,nan,nan,nan,nan
200,2.3332512378692627,2.3332512378692627,0.3368421196937561,0.3368421196937561,10.311411946428116,3.3661699900220206,0.001,0.45214253664016724,0.003103971481323242,1.5350041389465332,61211.90260388663,0.0,nan,1.0,nan,nan,nan,nan,nan
