mse,rmse,mae,group0_mse,group1_mse,worst_group_mse,group_mse_gap,resistance_high_error_auc,energy_high_error_auc,diag_edge_drive_mean,diag_edge_drive_std,diag_edge_resistance_mean,diag_edge_resistance_std,diag_edge_energy_mean,diag_edge_energy_std,diag_edge_output_mean,diag_edge_output_std
1.0141403675079346,1.0070453882217407,0.7538478374481201,1.0731571912765503,0.9541940689086914,1.0731571912765503,0.11896312236785889,0.5155520439147949,0.4895968437194824,0.0061944941990077496,0.12315034121274948,0.24974170327186584,0.28175172209739685,-0.006136790849268436,0.01400688849389553,-0.006160464603453875,0.0796443521976471
0.8050583600997925,0.8972504734992981,0.6086646318435669,0.8560850620269775,0.7532280087471008,0.8560850620269775,0.10285705327987671,0.49692392349243164,0.5249133110046387,0.010011665523052216,0.13245487213134766,0.26844367384910583,0.34971562027931213,-0.005753777455538511,0.02246994897723198,0.010124407708644867,0.1560322791337967
0.7345223426818848,0.8570427894592285,0.5656516551971436,0.7870938777923584,0.681122899055481,0.7870938777923584,0.10597097873687744,0.46307608485221863,0.5357680916786194,0.0018370924517512321,0.15450911223888397,0.2861071228981018,0.3543718755245209,-0.00833350419998169,0.026153355836868286,0.014901120215654373,0.1626909375190735
0.6657778024673462,0.8159520626068115,0.5521132349967957,0.718816339969635,0.611903965473175,0.718816339969635,0.10691237449645996,0.4373735785484314,0.49364423751831055,0.005335610825568438,0.17351214587688446,0.3160775601863861,0.4122563898563385,-0.010326554998755455,0.03309447318315506,0.014886531978845596,0.1834293007850647
0.5891632437705994,0.7675697207450867,0.5311456918716431,0.6507875919342041,0.5265684127807617,0.6507875919342041,0.12421917915344238,0.4102558195590973,0.42923682928085327,0.007246700581163168,0.20584355294704437,0.3707796037197113,0.5787909030914307,-0.015438787639141083,0.049142006784677505,0.006132133305072784,0.22293728590011597
0.5296473503112793,0.7277687191963196,0.5031371712684631,0.5865700840950012,0.4718281626701355,0.5865700840950012,0.11474192142486572,0.413259893655777,0.41197434067726135,0.01316469069570303,0.2342357486486435,0.4353034496307373,0.7641208171844482,-0.019491296261548996,0.06500756740570068,0.011873943731188774,0.28083890676498413
0.49117180705070496,0.7008364796638489,0.48518452048301697,0.5463300347328186,0.4351448714733124,0.5463300347328186,0.11118516325950623,0.4275354743003845,0.42073574662208557,0.015087184496223927,0.2654571831226349,0.49171990156173706,0.903566300868988,-0.0268586166203022,0.0886133536696434,0.0038455112371593714,0.31545186042785645
0.46544399857521057,0.6822345852851868,0.46630966663360596,0.5202545523643494,0.4097702205181122,0.5202545523643494,0.11048433184623718,0.45070117712020874,0.4492325186729431,0.015328764915466309,0.2787807583808899,0.5437111854553223,1.0301593542099,-0.03381745517253876,0.10422520339488983,0.008775264956057072,0.3529776632785797
0.4396769106388092,0.6630813479423523,0.45452287793159485,0.484249085187912,0.3944028317928314,0.484249085187912,0.08984625339508057,0.47373339533805847,0.48095080256462097,0.015734659507870674,0.291275292634964,0.596759557723999,1.1508738994598389,-0.039786197245121,0.12172894179821014,0.006034983787685633,0.38825422525405884
0.42589089274406433,0.6526031494140625,0.43915289640426636,0.4717521369457245,0.379307359457016,0.4717521369457245,0.0924447774887085,0.47724291682243347,0.4800572097301483,0.018612518906593323,0.30371788144111633,0.6338670253753662,1.2256592512130737,-0.04594121128320694,0.1414455622434616,-0.0005535846576094627,0.4107421040534973
0.4079734683036804,0.6387280225753784,0.42887216806411743,0.44573602080345154,0.36961624026298523,0.44573602080345154,0.07611978054046631,0.4795365035533905,0.4889559745788574,0.01500549353659153,0.3029940724372864,0.6819054484367371,1.3199859857559204,-0.0535120815038681,0.15147125720977783,0.007983406074345112,0.44607120752334595
0.3937869966030121,0.6275244951248169,0.4224940240383148,0.4313585162162781,0.3556237816810608,0.4313585162162781,0.07573473453521729,0.4935727119445801,0.4916529655456543,0.016882862895727158,0.3044947385787964,0.7012633085250854,1.3486436605453491,-0.058059755712747574,0.16006740927696228,0.0037461756728589535,0.45469483733177185
0.379700243473053,0.6161982417106628,0.41021284461021423,0.4168758988380432,0.34193921089172363,0.4168758988380432,0.07493668794631958,0.4818129241466522,0.4894442558288574,0.018780233338475227,0.3167388141155243,0.7423059344291687,1.400389552116394,-0.06389576196670532,0.1797703206539154,0.0030452809296548367,0.487326055765152
0.36500534415245056,0.6041567325592041,0.3964284658432007,0.4028908610343933,0.32652318477630615,0.4028908610343933,0.07636767625808716,0.504157543182373,0.5111727714538574,0.02051372453570366,0.32763534784317017,0.7706882357597351,1.4659510850906372,-0.06837198883295059,0.19789814949035645,-0.0003174310550093651,0.5009735822677612
0.35262781381607056,0.5938247442245483,0.4008379578590393,0.3799232542514801,0.3249025046825409,0.3799232542514801,0.05502074956893921,0.49467897415161133,0.4856410026550293,0.020190829411149025,0.3323141932487488,0.7951322793960571,1.536322832107544,-0.07382670044898987,0.20924973487854004,0.007988613098859787,0.5216899514198303
0.33791491389274597,0.5813044905662537,0.370236873626709,0.3683176636695862,0.30703333020210266,0.3683176636695862,0.06128433346748352,0.49443674087524414,0.5035872459411621,0.022684399038553238,0.3475111126899719,0.8230180740356445,1.5859007835388184,-0.07867814600467682,0.23104332387447357,-0.001673862338066101,0.5410133004188538
0.32084983587265015,0.5664361119270325,0.3587806820869446,0.34446531534194946,0.29686251282691956,0.34446531534194946,0.04760280251502991,0.4958624839782715,0.49849557876586914,0.026649605482816696,0.35766708850860596,0.8451749682426453,1.7142643928527832,-0.08187320083379745,0.2506676912307739,-0.003889920189976692,0.555254340171814
0.3068532347679138,0.5539433360099792,0.3447501063346863,0.331622451543808,0.2816939651966095,0.331622451543808,0.049928486347198486,0.5137820243835449,0.515103816986084,0.021335100755095482,0.36475634574890137,0.8898452520370483,1.9470974206924438,-0.09037773311138153,0.2731402814388275,-0.0037171049043536186,0.5783355832099915
0.3040749430656433,0.5514299273490906,0.3499681353569031,0.32462453842163086,0.28320175409317017,0.32462453842163086,0.04142278432846069,0.47874686121940613,0.4889349937438965,0.02385869063436985,0.3620058000087738,0.9280771613121033,2.2819228172302246,-0.09720415621995926,0.2853577136993408,0.0042661684565246105,0.5945010185241699
0.28246572613716125,0.5314750671386719,0.3337722420692444,0.29611361026763916,0.2686029076576233,0.29611361026763916,0.02751070261001587,0.47226378321647644,0.4757208526134491,0.022816583514213562,0.3664882779121399,0.9835935831069946,2.7103164196014404,-0.10703649371862411,0.3058713376522064,0.0017493590712547302,0.621802568435669
0.27033179998397827,0.5199344158172607,0.33118346333503723,0.2836950421333313,0.25675809383392334,0.2836950421333313,0.02693694829940796,0.5116658210754395,0.48765993118286133,0.024559075012803078,0.36672690510749817,1.0131561756134033,3.0859529972076416,-0.11259180307388306,0.3274407982826233,0.00441397912800312,0.6285947561264038
0.26929229497909546,0.5189338326454163,0.3304528295993805,0.27694761753082275,0.26151642203330994,0.27694761753082275,0.015431195497512817,0.5166764259338379,0.47568175196647644,0.027719559147953987,0.3879270553588867,1.0757571458816528,3.566102981567383,-0.12096249312162399,0.37568649649620056,-0.008297818712890148,0.6733456254005432
0.2535693049430847,0.5035566687583923,0.30444061756134033,0.2636065185070038,0.2433740198612213,0.2636065185070038,0.02023249864578247,0.5014138221740723,0.4887871742248535,0.026412229984998703,0.3881680369377136,1.1207249164581299,4.06549072265625,-0.12887795269489288,0.3917334973812103,-0.006740003824234009,0.685375452041626
0.23794493079185486,0.48779597878456116,0.301403284072876,0.24792003631591797,0.2278127670288086,0.24792003631591797,0.020107269287109375,0.5114388465881348,0.48830461502075195,0.022269727662205696,0.388174444437027,1.158506155014038,4.4139909744262695,-0.13924762606620789,0.40616971254348755,-0.006347487680613995,0.7022113800048828
0.22954314947128296,0.479106605052948,0.30662983655929565,0.23473548889160156,0.22426903247833252,0.23473548889160156,0.010466456413269043,0.5137476921081543,0.49477338790893555,0.023712195456027985,0.387323260307312,1.2010949850082397,4.857946872711182,-0.14701151847839355,0.4257417321205139,-0.0022649141028523445,0.7282693386077881
0.22364161908626556,0.4729076325893402,0.28823351860046387,0.23195810616016388,0.21519416570663452,0.23195810616016388,0.016763940453529358,0.5324464440345764,0.48085448145866394,0.020819688215851784,0.3983418643474579,1.2901439666748047,5.774133682250977,-0.15758368372917175,0.4556339979171753,-0.007963260635733604,0.7403469681739807
0.21570029854774475,0.4644354581832886,0.2936769425868988,0.2201801836490631,0.2111498862504959,0.2201801836490631,0.0090302973985672,0.481016606092453,0.5074591636657715,0.024417221546173096,0.3919978439807892,1.3119826316833496,6.011380672454834,-0.1618640422821045,0.4714106023311615,0.004074146971106529,0.749214768409729
0.20524239540100098,0.4530368447303772,0.27939754724502563,0.20875532925128937,0.20167413353919983,0.20875532925128937,0.007081195712089539,0.5061650276184082,0.4998469352722168,0.021989719942212105,0.40342938899993896,1.3569501638412476,6.335355758666992,-0.17282672226428986,0.5018298625946045,-0.00017048418521881104,0.7780093550682068
0.19778858125209808,0.44473427534103394,0.2760223150253296,0.1989835649728775,0.19657477736473083,0.1989835649728775,0.0024087876081466675,0.503049373626709,0.4821171462535858,0.019715897738933563,0.4165627658367157,1.4129488468170166,6.883077144622803,-0.18060177564620972,0.5283364653587341,-0.0017521195113658905,0.8009241223335266
0.1938512623310089,0.44028544425964355,0.2796325981616974,0.1975502371788025,0.19009403884410858,0.1975502371788025,0.007456198334693909,0.48283621668815613,0.4797529876232147,0.018866995349526405,0.42151162028312683,1.4673610925674438,7.391507148742676,-0.1890556663274765,0.5527318120002747,0.0027658697217702866,0.8191928267478943
0.18753446638584137,0.43305251002311707,0.2732095718383789,0.18842872977256775,0.1866261214017868,0.18842872977256775,0.0018026083707809448,0.5026936531066895,0.4694208800792694,0.014844666235148907,0.44571158289909363,1.4929872751235962,7.5361809730529785,-0.19699640572071075,0.5858001112937927,0.0019172579050064087,0.8477781414985657
0.17937803268432617,0.4235304296016693,0.27268514037132263,0.17590339481830597,0.182907372713089,0.182907372713089,0.00700397789478302,0.464384526014328,0.4931015968322754,0.012258344329893589,0.45653805136680603,1.5079091787338257,7.579164505004883,-0.20599748194217682,0.6062908172607422,0.007012855261564255,0.8674009442329407
0.1801712065935135,0.42446577548980713,0.2589602768421173,0.17318473756313324,0.18726769089698792,0.18726769089698792,0.014082953333854675,0.5239605903625488,0.42698901891708374,0.007529530208557844,0.4908609986305237,1.586214542388916,8.28038501739502,-0.2124691754579544,0.6350703239440918,-0.009844234213232994,0.8781241774559021
0.16766346991062164,0.40946730971336365,0.2613476812839508,0.16259101033210754,0.17281579971313477,0.17281579971313477,0.010224789381027222,0.4681973159313202,0.48084303736686707,0.00943237915635109,0.49777543544769287,1.5937139987945557,8.315215110778809,-0.2166694849729538,0.6614933013916016,0.005750173702836037,0.9007856249809265
0.1606886088848114,0.4008598327636719,0.2456955760717392,0.15733100473880768,0.1640990823507309,0.1640990823507309,0.006768077611923218,0.4891781806945801,0.4425634741783142,0.006446055136620998,0.5176897048950195,1.6230281591415405,8.481156349182129,-0.2243625372648239,0.6921362280845642,-8.753687143325806e-05,0.9285612106323242
0.16081860661506653,0.40102195739746094,0.2416335493326187,0.15670377016067505,0.16499824821949005,0.16499824821949005,0.008294478058815002,0.490572452545166,0.4627794921398163,0.0019578635692596436,0.5362223982810974,1.6798686981201172,8.958817481994629,-0.23163500428199768,0.7109634280204773,-0.0005743447691202164,0.94163578748703
0.15088999271392822,0.3884456157684326,0.23546822369098663,0.14170239865779877,0.16022227704524994,0.16022227704524994,0.018519878387451172,0.5028853416442871,0.4298815131187439,0.0014590322971343994,0.551741361618042,1.6775145530700684,8.746936798095703,-0.23935973644256592,0.7463259100914001,-0.00025672465562820435,0.9737992882728577
0.14714078605175018,0.38358935713768005,0.23290280997753143,0.14112849533557892,0.15324775874614716,0.15324775874614716,0.012119263410568237,0.48361536860466003,0.43254417181015015,-0.004470832645893097,0.5811088681221008,1.7083368301391602,8.964140892028809,-0.24858912825584412,0.7637801766395569,0.0006619803607463837,0.9966443181037903
0.148565411567688,0.3854418396949768,0.24555164575576782,0.1414625346660614,0.1557801365852356,0.1557801365852356,0.014317601919174194,0.48984861373901367,0.47071215510368347,-0.007825087755918503,0.5952602624893188,1.771104097366333,9.533475875854492,-0.2551004886627197,0.7817611694335938,0.007143734022974968,1.0135129690170288
0.1400282084941864,0.3742034435272217,0.2232474535703659,0.13033327460289001,0.14987583458423615,0.14987583458423615,0.01954255998134613,0.5046868324279785,0.4542383849620819,-0.009662889875471592,0.6196940541267395,1.788190484046936,9.507902145385742,-0.2634512186050415,0.8185536861419678,-8.022785186767578e-05,1.0470448732376099
0.13854409754276276,0.3722151219844818,0.23041294515132904,0.12994007766246796,0.1472836285829544,0.1472836285829544,0.01734355092048645,0.4913144111633301,0.42459434270858765,-0.01646660827100277,0.63797527551651,1.8210525512695312,9.75570011138916,-0.27041178941726685,0.820241391658783,0.004326656460762024,1.050101399421692
0.13455672562122345,0.36681973934173584,0.20962724089622498,0.12234070897102356,0.1469651162624359,0.1469651162624359,0.024624407291412354,0.49943113327026367,0.4398197531700134,-0.015542836859822273,0.6521305441856384,1.8609201908111572,9.991891860961914,-0.27546578645706177,0.8616772890090942,-0.005102582275867462,1.0822612047195435
0.13420738279819489,0.36634325981140137,0.2206302434206009,0.124219611287117,0.14435243606567383,0.14435243606567383,0.020132824778556824,0.5057921409606934,0.4479812979698181,-0.015757864341139793,0.6595199704170227,1.8958914279937744,10.271549224853516,-0.27912437915802,0.882260262966156,0.003140736371278763,1.1061755418777466
0.12607643008232117,0.3550724387168884,0.2160044014453888,0.11602465808391571,0.13628651201725006,0.13628651201725006,0.02026185393333435,0.49928903579711914,0.42134419083595276,-0.019305169582366943,0.670776903629303,1.9160133600234985,10.358245849609375,-0.2873379588127136,0.8934683203697205,0.003965385258197784,1.1240205764770508
0.12704706192016602,0.3564366102218628,0.21291522681713104,0.11668352782726288,0.13757379353046417,0.13757379353046417,0.020890265703201294,0.49389028549194336,0.41229191422462463,-0.022814899682998657,0.6799778938293457,1.9639074802398682,10.700216293334961,-0.295232892036438,0.9028826951980591,0.002632793039083481,1.1359992027282715
0.1308325082063675,0.36170777678489685,0.2079145908355713,0.11843346804380417,0.1434268057346344,0.1434268057346344,0.02499333769083023,0.49250078201293945,0.41804924607276917,-0.020531047135591507,0.6889961957931519,1.9741318225860596,10.607756614685059,-0.29714328050613403,0.9380590319633484,-0.004698704928159714,1.1594187021255493
0.12281347066164017,0.35044753551483154,0.20454534888267517,0.11118554323911667,0.13462451100349426,0.13462451100349426,0.023438967764377594,0.4998793601989746,0.4535975158214569,-0.022674186155200005,0.7028780579566956,1.9810094833374023,10.585010528564453,-0.3065579831600189,0.9659436941146851,-0.003688480705022812,1.1932406425476074
0.11608026921749115,0.340705543756485,0.1987971067428589,0.10478194057941437,0.12755651772022247,0.12755651772022247,0.022774577140808105,0.48837709426879883,0.43255752325057983,-0.02199627459049225,0.7070432305335999,2.031407356262207,10.958332061767578,-0.3105621337890625,0.9820036292076111,-0.0002293512225151062,1.2112172842025757
0.11816257238388062,0.3437478244304657,0.19767139852046967,0.10593239963054657,0.13058531284332275,0.13058531284332275,0.024652913212776184,0.4913506507873535,0.4370359778404236,-0.02603117749094963,0.7153170108795166,2.080733299255371,11.343169212341309,-0.31955891847610474,0.994188129901886,-0.003085929900407791,1.2279022932052612
0.11906667053699493,0.3450603783130646,0.19211435317993164,0.1048264428973198,0.1335311383008957,0.1335311383008957,0.028704695403575897,0.5212531089782715,0.43071311712265015,-0.028354855254292488,0.7315850853919983,2.0791192054748535,11.185050964355469,-0.3251148462295532,1.0058010816574097,-0.0043631866574287415,1.241432547569275
0.11464254558086395,0.33858904242515564,0.1980280876159668,0.10431986302137375,0.12512780725955963,0.12512780725955963,0.020807944238185883,0.4805092513561249,0.39906349778175354,-0.027129683643579483,0.7195656895637512,2.1062440872192383,11.344099044799805,-0.3310556709766388,1.0219918489456177,0.0025286786258220673,1.263155460357666
0.11021643877029419,0.3319886028766632,0.1863979548215866,0.09859135001897812,0.12202458828687668,0.12202458828687668,0.02343323826789856,0.48702001571655273,0.4243883490562439,-0.0317714549601078,0.7415798306465149,2.096755027770996,11.119100570678711,-0.33607909083366394,1.0346174240112305,-0.0018454380333423615,1.2703684568405151
0.11375835537910461,0.33728083968162537,0.19013944268226624,0.10283462703227997,0.12485411018133163,0.12485411018133163,0.022019483149051666,0.5092425346374512,0.4552921950817108,-0.03521134704351425,0.778720498085022,2.1579248905181885,11.642693519592285,-0.33806508779525757,1.051347255706787,-0.0013342462480068207,1.2809516191482544
0.11073502898216248,0.3327687382698059,0.18651673197746277,0.09793200343847275,0.12373965978622437,0.12373965978622437,0.025807656347751617,0.48238226771354675,0.44183677434921265,-0.030391553416848183,0.7484157681465149,2.136190891265869,11.286062240600586,-0.3443973958492279,1.0722302198410034,-0.002216670662164688,1.3089284896850586
0.10669945180416107,0.3266488313674927,0.19682931900024414,0.09602867811918259,0.11753827333450317,0.11753827333450317,0.021509595215320587,0.5078845024108887,0.44545978307724,-0.034843429923057556,0.7541555762290955,2.1683592796325684,11.498055458068848,-0.352245032787323,1.0629523992538452,0.005862191319465637,1.3108971118927002
0.10684335231781006,0.32686901092529297,0.1858901083469391,0.09707195311784744,0.11676863580942154,0.11676863580942154,0.019696682691574097,0.49564313888549805,0.40681877732276917,-0.03353008255362511,0.754635214805603,2.1766653060913086,11.421038627624512,-0.3564920127391815,1.0824131965637207,0.0025943852961063385,1.3258323669433594
0.10663158446550369,0.3265449106693268,0.19791552424430847,0.09651488810777664,0.11690761148929596,0.11690761148929596,0.020392723381519318,0.46776720881462097,0.4602617919445038,-0.03404831886291504,0.7711887955665588,2.219090461730957,11.856612205505371,-0.35727784037590027,1.1007081270217896,0.007200058549642563,1.3442609310150146
0.10422012209892273,0.3228314220905304,0.1796923279762268,0.09222925454378128,0.11639981716871262,0.11639981716871262,0.024170562624931335,0.47290369868278503,0.44301551580429077,-0.035149991512298584,0.7873627543449402,2.1970009803771973,11.453134536743164,-0.3627201318740845,1.1177444458007812,-0.005442284047603607,1.354817509651184
0.10210726410150528,0.31954225897789,0.18473157286643982,0.09107580035924911,0.11331246048212051,0.11331246048212051,0.0222366601228714,0.49030256271362305,0.41357651352882385,-0.03232995420694351,0.7746974229812622,2.241556167602539,11.811149597167969,-0.36506545543670654,1.125797986984253,0.002879370003938675,1.3708285093307495
0.10191620886325836,0.3192431926727295,0.19161388278007507,0.0923672765493393,0.11161552369594574,0.11161552369594574,0.019248247146606445,0.48531103134155273,0.4161018431186676,-0.03397004306316376,0.7874308228492737,2.219860076904297,11.50290298461914,-0.36990100145339966,1.1398392915725708,0.0053423382341861725,1.3895163536071777
0.10295921564102173,0.32087257504463196,0.18338653445243835,0.09139096736907959,0.11470963060855865,0.11470963060855865,0.023318663239479065,0.5225234031677246,0.4112628996372223,-0.034735120832920074,0.7922259569168091,2.2861568927764893,12.043854713439941,-0.37350568175315857,1.1447229385375977,0.0043332539498806,1.394179105758667
0.10154891014099121,0.3186674118041992,0.17991101741790771,0.09139556437730789,0.1118621677160263,0.1118621677160263,0.020466603338718414,0.48861074447631836,0.44424766302108765,-0.03439165651798248,0.7884027361869812,2.271920919418335,11.786467552185059,-0.37934213876724243,1.1648513078689575,0.0019078627228736877,1.4135230779647827
0.09960635751485825,0.3156047463417053,0.17638246715068817,0.08842231333255768,0.1109665185213089,0.1109665185213089,0.02254420518875122,0.5044980049133301,0.4316200613975525,-0.03519248217344284,0.8039810061454773,2.269392251968384,11.64428424835205,-0.3809203505516052,1.1701416969299316,0.0005227476358413696,1.4154664278030396
0.09583012759685516,0.30956441164016724,0.1743008941411972,0.08382800221443176,0.10802125930786133,0.10802125930786133,0.024193257093429565,0.48319002985954285,0.4090675413608551,-0.037540215998888016,0.7983338832855225,2.296483039855957,11.830695152282715,-0.39031895995140076,1.1727477312088013,0.0030171796679496765,1.4279134273529053
0.10269645601511002,0.3204628825187683,0.17802782356739044,0.09021541476249695,0.11537404358386993,0.11537404358386993,0.025158628821372986,0.4796576201915741,0.42593997716903687,-0.03228873386979103,0.8019469380378723,2.2903475761413574,11.673879623413086,-0.3870958983898163,1.2013193368911743,-0.0019611455500125885,1.4449838399887085
0.09512297064065933,0.3084201216697693,0.17137284576892853,0.08172459900379181,0.10873233526945114,0.10873233526945114,0.027007736265659332,0.46515128016471863,0.4599871337413788,-0.03611539304256439,0.8069138526916504,2.323862075805664,11.864936828613281,-0.39730656147003174,1.200141429901123,-0.0016316808760166168,1.4494150876998901
0.09914131462574005,0.31486713886260986,0.18719393014907837,0.0863102599978447,0.11217442899942398,0.11217442899942398,0.025864169001579285,0.4568142592906952,0.42517703771591187,-0.033395059406757355,0.7991024851799011,2.323025703430176,11.849451065063477,-0.3967689275741577,1.2215148210525513,0.002688579261302948,1.4713577032089233
0.09315495193004608,0.30521297454833984,0.1774488091468811,0.08262225985527039,0.1038535088300705,0.1038535088300705,0.02123124897480011,0.5000119209289551,0.41357460618019104,-0.035660289227962494,0.8088259696960449,2.316756248474121,11.635940551757812,-0.40242183208465576,1.2173118591308594,0.0034977011382579803,1.4695639610290527
0.0944264680147171,0.30728888511657715,0.17303848266601562,0.0817735493183136,0.10727865993976593,0.10727865993976593,0.02550511062145233,0.4967179298400879,0.4443058371543884,-0.03483230248093605,0.8085830807685852,2.3458123207092285,11.776519775390625,-0.4061397314071655,1.233086109161377,0.001840788871049881,1.4823429584503174
0.09386216104030609,0.3063693344593048,0.1762879639863968,0.08228815346956253,0.1056184321641922,0.1056184321641922,0.02333027869462967,0.48506975173950195,0.4574532210826874,-0.028495673090219498,0.7913444638252258,2.3415913581848145,11.651555061340332,-0.4073074758052826,1.2547640800476074,0.002561550587415695,1.5064619779586792
0.09451659023761749,0.3074355125427246,0.17383228242397308,0.08132334053516388,0.10791759938001633,0.10791759938001633,0.026594258844852448,0.491396427154541,0.4474949240684509,-0.03164831921458244,0.7999563813209534,2.3522019386291504,11.615286827087402,-0.41295671463012695,1.2538646459579468,-0.0009560734033584595,1.5047065019607544
0.09425385296344757,0.30700790882110596,0.1768801510334015,0.08165168762207031,0.1070544645190239,0.1070544645190239,0.025402776896953583,0.4502720236778259,0.4036087095737457,-0.030230659991502762,0.7997212409973145,2.3769145011901855,11.765497207641602,-0.41545242071151733,1.253240942955017,0.001534838229417801,1.5058695077896118
0.08973245322704315,0.2995537519454956,0.17548327147960663,0.07776232063770294,0.10189109295606613,0.10189109295606613,0.02412877231836319,0.4889969825744629,0.45541808009147644,-0.02997036650776863,0.7974634170532227,2.3904776573181152,11.806909561157227,-0.4188159108161926,1.2750496864318848,0.003013256937265396,1.5319510698318481
0.09107828140258789,0.301791787147522,0.17211373150348663,0.07718849182128906,0.10518680512905121,0.10518680512905121,0.027998313307762146,0.47775503993034363,0.4447302222251892,-0.033873431384563446,0.8082860708236694,2.3792290687561035,11.502540588378906,-0.42915472388267517,1.2612637281417847,-0.0014041997492313385,1.52127206325531
0.08584238588809967,0.29298871755599976,0.16350382566452026,0.07252459973096848,0.09936990588903427,0.09936990588903427,0.026845306158065796,0.4947056770324707,0.43378299474716187,-0.028238695114850998,0.7948314547538757,2.411944627761841,11.74860954284668,-0.4290771484375,1.2798359394073486,0.0016592815518379211,1.543375015258789
0.08693592250347137,0.2948489785194397,0.1698092371225357,0.07536908984184265,0.09868491441011429,0.09868491441011429,0.023315824568271637,0.48998212814331055,0.4295791983604431,-0.030672527849674225,0.8008556962013245,2.4148502349853516,11.729959487915039,-0.4319583773612976,1.2829492092132568,0.0023788809776306152,1.5497703552246094
0.08881279826164246,0.298014760017395,0.17955482006072998,0.07834488898515701,0.09944555163383484,0.09944555163383484,0.021100662648677826,0.5014500617980957,0.4518532156944275,-0.026640331372618675,0.8012385964393616,2.421111822128296,11.770832061767578,-0.4279719591140747,1.3098031282424927,0.00827956572175026,1.571515679359436
0.08999317139387131,0.29998862743377686,0.1620919406414032,0.07684338837862015,0.10335002094507217,0.10335002094507217,0.026506632566452026,0.47122809290885925,0.4376606345176697,-0.02722185105085373,0.8155520558357239,2.4135143756866455,11.443374633789062,-0.4360428750514984,1.3170018196105957,-0.0020523332059383392,1.5718989372253418
0.08674567192792892,0.29452618956565857,0.17567525804042816,0.07566428929567337,0.09800156205892563,0.09800156205892563,0.02233727276325226,0.5239415168762207,0.44946426153182983,-0.023998204618692398,0.8055633902549744,2.4238839149475098,11.560067176818848,-0.43281984329223633,1.3194010257720947,0.007255919277667999,1.5808907747268677
0.08468975871801376,0.29101505875587463,0.1685287356376648,0.07355008274316788,0.09600486606359482,0.09600486606359482,0.02245478332042694,0.515265941619873,0.43754810094833374,-0.02564125880599022,0.8134322762489319,2.4539265632629395,11.746397972106934,-0.4371807873249054,1.3292592763900757,0.004659190773963928,1.5914280414581299
0.08663448691368103,0.29433736205101013,0.16187499463558197,0.07459017634391785,0.0988684818148613,0.0988684818148613,0.02427830547094345,0.48294779658317566,0.43327850103378296,-0.026298515498638153,0.8158812522888184,2.4670000076293945,11.730657577514648,-0.4423227608203888,1.3480911254882812,0.0015895441174507141,1.6017663478851318
0.08154958486557007,0.28556889295578003,0.16263723373413086,0.06918743252754211,0.09410642832517624,0.09410642832517624,0.024918995797634125,0.5051484107971191,0.4352850317955017,-0.025883357971906662,0.8139495253562927,2.4868621826171875,11.84823226928711,-0.44636112451553345,1.3439592123031616,0.0010654032230377197,1.605623483657837
0.08058969676494598,0.2838832437992096,0.1592707335948944,0.06788600236177444,0.09349345415830612,0.09349345415830612,0.025607451796531677,0.491915225982666,0.43424075841903687,-0.020874716341495514,0.8079218864440918,2.480231285095215,11.684561729431152,-0.44390207529067993,1.3765792846679688,0.0015847831964492798,1.6317402124404907
0.08462240546941757,0.2908993065357208,0.16628625988960266,0.07347583025693893,0.09594451636075974,0.09594451636075974,0.0224686861038208,0.48442888259887695,0.44379085302352905,-0.02631646767258644,0.8307584524154663,2.5197997093200684,12.05539608001709,-0.44704288244247437,1.3726179599761963,-0.0009141042828559875,1.6267021894454956
0.08224935084581375,0.28679147362709045,0.16566228866577148,0.06898782402276993,0.09571971744298935,0.09571971744298935,0.02673189342021942,0.5266461372375488,0.4284471869468689,-0.02106362022459507,0.8058854937553406,2.478860855102539,11.494155883789062,-0.4499515891075134,1.3638262748718262,0.006702594459056854,1.6232281923294067
0.07896154373884201,0.2810009717941284,0.1563868522644043,0.06499746441841125,0.09314553439617157,0.09314553439617157,0.028148069977760315,0.4736942946910858,0.43457263708114624,-0.02198100835084915,0.8166650533676147,2.5150954723358154,11.81102466583252,-0.45111286640167236,1.3905452489852905,-0.000551864504814148,1.6453206539154053
0.0807933360338211,0.2842416763305664,0.1658831387758255,0.06902141869068146,0.09275063872337341,0.09275063872337341,0.023729220032691956,0.5013461112976074,0.4664139449596405,-0.020624283701181412,0.8198416829109192,2.581623077392578,12.452205657958984,-0.44868963956832886,1.4003278017044067,0.005695119500160217,1.6589030027389526
0.08253106474876404,0.28728219866752625,0.16210201382637024,0.07052251696586609,0.09472872316837311,0.09472872316837311,0.02420620620250702,0.47026774287223816,0.4364714026451111,-0.021761715412139893,0.8156452775001526,2.542625904083252,11.865458488464355,-0.4592227339744568,1.39564049243927,-0.003885384649038315,1.6516972780227661
0.07869204133749008,0.2805210053920746,0.16096392273902893,0.06731033325195312,0.09025298804044724,0.09025298804044724,0.02294265478849411,0.49861764907836914,0.4227127432823181,-0.018553897738456726,0.8162331581115723,2.5903332233428955,12.164491653442383,-0.4598241448402405,1.4110369682312012,0.003485601395368576,1.670508623123169
0.07772140204906464,0.2787855863571167,0.16210274398326874,0.06399279087781906,0.09166621416807175,0.09166621416807175,0.027673423290252686,0.47470614314079285,0.45749518275260925,-0.015844952315092087,0.7999626398086548,2.5673413276672363,11.876492500305176,-0.4628838002681732,1.421260118484497,-0.0004784129559993744,1.6796536445617676
0.07482510060071945,0.27354177832603455,0.15801884233951569,0.06432655453681946,0.08548898994922638,0.08548898994922638,0.02116243541240692,0.4969906806945801,0.4284796118736267,-0.014436772093176842,0.7948055863380432,2.5713653564453125,11.836658477783203,-0.4644460082054138,1.4330734014511108,0.006596516817808151,1.6918730735778809
0.07278721779584885,0.2697910666465759,0.15467625856399536,0.06116925925016403,0.08458813279867172,0.08458813279867172,0.02341887354850769,0.48862218856811523,0.42357486486434937,-0.012022864073514938,0.7994112372398376,2.6348400115966797,12.344975471496582,-0.4653646647930145,1.4477976560592651,0.004028718918561935,1.70888352394104
0.07212993502616882,0.2685701549053192,0.1558983474969864,0.05979436635971069,0.08465977013111115,0.08465977013111115,0.02486540377140045,0.49843835830688477,0.4362472891807556,-0.013496460393071175,0.7996753454208374,2.6371262073516846,12.176827430725098,-0.4733356535434723,1.4472036361694336,0.00126584991812706,1.7075551748275757
0.07116641104221344,0.2667703330516815,0.15067505836486816,0.05830495059490204,0.08423040807247162,0.08423040807247162,0.02592545747756958,0.48196837306022644,0.42852920293807983,-0.008281136862933636,0.7932575345039368,2.6248135566711426,11.944718360900879,-0.4696241617202759,1.4601058959960938,-0.0006118640303611755,1.7116905450820923
0.06684200465679169,0.25853821635246277,0.14945650100708008,0.056465327739715576,0.07738209515810013,0.07738209515810013,0.020916767418384552,0.4859604835510254,0.41292038559913635,-0.012909645214676857,0.800207257270813,2.6509432792663574,12.103793144226074,-0.47811102867126465,1.4547147750854492,0.0025245584547519684,1.7131901979446411
0.07307404279708862,0.27032211422920227,0.15088896453380585,0.05965106189250946,0.0867084190249443,0.0867084190249443,0.027057357132434845,0.510622501373291,0.423156201839447,-0.007891411893069744,0.7831979393959045,2.6643941402435303,11.95899772644043,-0.4818725883960724,1.4662697315216064,0.004625551402568817,1.7233474254608154
0.06626575440168381,0.2574213445186615,0.14465108513832092,0.05429516360163689,0.0784248560667038,0.0784248560667038,0.02412969246506691,0.5242123603820801,0.42248862981796265,-0.006823611445724964,0.7807554006576538,2.6890883445739746,12.032938003540039,-0.4850267767906189,1.467211365699768,0.005145765841007233,1.7235480546951294
0.06388675421476364,0.25275829434394836,0.14132310450077057,0.052665673196315765,0.07528455555438995,0.07528455555438995,0.022618882358074188,0.49425840377807617,0.4098285734653473,-0.007975439541041851,0.7851030230522156,2.6922261714935303,11.936830520629883,-0.48870939016342163,1.47556734085083,0.0037987343966960907,1.7293603420257568
0.06421945244073868,0.253415584564209,0.14790181815624237,0.05397207289934158,0.07462821155786514,0.07462821155786514,0.02065613865852356,0.5062212944030762,0.41522350907325745,-0.003619220107793808,0.7782745361328125,2.715862512588501,11.946592330932617,-0.4904250502586365,1.490733027458191,-0.0006903111934661865,1.739893913269043
0.06194654852151871,0.24889063835144043,0.14376188814640045,0.05113288015127182,0.07293050736188889,0.07293050736188889,0.021797627210617065,0.48514413833618164,0.41757145524024963,-0.0053015537559986115,0.7796518206596375,2.7383506298065186,12.025351524353027,-0.4942757487297058,1.4945756196975708,-0.00034232065081596375,1.7416633367538452
0.05710670351982117,0.238970085978508,0.1417754888534546,0.04788379371166229,0.06647485494613647,0.06647485494613647,0.018591061234474182,0.48929262161254883,0.39636650681495667,-0.0017607416957616806,0.7669596672058105,2.7361810207366943,11.877713203430176,-0.496377170085907,1.502179503440857,0.006082288920879364,1.7546195983886719
0.05668913945555687,0.23809480667114258,0.14349988102912903,0.046441253274679184,0.06709840893745422,0.06709840893745422,0.02065715566277504,0.49534177780151367,0.40469589829444885,-0.0011930540204048157,0.7750038504600525,2.752817153930664,11.867748260498047,-0.49786004424095154,1.5257045030593872,0.004552729427814484,1.767396330833435
0.05795400217175484,0.24073638021945953,0.14144974946975708,0.04691886901855469,0.06916292756795883,0.06916292756795883,0.022244058549404144,0.513852596282959,0.40937939286231995,0.0011527389287948608,0.7682636380195618,2.7758395671844482,11.855658531188965,-0.5005464553833008,1.5446619987487793,0.004194006323814392,1.7863600254058838
0.05444854497909546,0.23334212601184845,0.14044755697250366,0.0453193262219429,0.06372153013944626,0.06372153013944626,0.018402203917503357,0.4871983528137207,0.40342941880226135,0.0003914162516593933,0.7713782787322998,2.825709342956543,12.1505126953125,-0.5047589540481567,1.5434049367904663,0.002244606614112854,1.785467505455017
0.052751559764146805,0.22967708110809326,0.13923588395118713,0.04353541508316994,0.06211284548044205,0.06211284548044205,0.01857743039727211,0.5190091133117676,0.43166583776474,0.002963697537779808,0.7637706398963928,2.848660945892334,12.088297843933105,-0.5066640973091125,1.5670661926269531,0.007813259959220886,1.808821439743042
0.05081692337989807,0.2254260927438736,0.13347166776657104,0.04127250611782074,0.060511648654937744,0.060511648654937744,0.019239142537117004,0.503049373626709,0.42218536138534546,0.0038363244384527206,0.7640512585639954,2.8748621940612793,12.175086975097656,-0.5080759525299072,1.5682507753372192,0.005059100687503815,1.8096261024475098
0.04954500123858452,0.22258706390857697,0.13160313665866852,0.040350448340177536,0.05888434126973152,0.05888434126973152,0.018533892929553986,0.49515295028686523,0.38420331478118896,0.0024042539298534393,0.7661691904067993,2.907712459564209,12.292082786560059,-0.5165001153945923,1.57733952999115,0.002174951136112213,1.8218345642089844
0.051403261721134186,0.22672288119792938,0.14347614347934723,0.04297034814953804,0.0599689744412899,0.0599689744412899,0.01699862629175186,0.4938178062438965,0.38920819759368896,0.007889065891504288,0.7636243104934692,2.9178926944732666,12.340201377868652,-0.5105255842208862,1.6139498949050903,-0.002988852560520172,1.8491668701171875
0.05114580690860748,0.2261543869972229,0.13496161997318268,0.041818298399448395,0.06062021479010582,0.06062021479010582,0.018801916390657425,0.49021387100219727,0.4024728834629059,0.00519915297627449,0.7645904421806335,2.920823097229004,12.228778839111328,-0.5166932344436646,1.6077029705047607,0.0007852315902709961,1.845595121383667
0.04768101125955582,0.2183598279953003,0.13044102489948273,0.04096800088882446,0.054499734193086624,0.054499734193086624,0.013531733304262161,0.5004630088806152,0.3882068395614624,0.004739085212349892,0.7658383250236511,2.993041515350342,12.725522994995117,-0.5204412937164307,1.6141977310180664,0.006102442741394043,1.8596866130828857
0.04758438095450401,0.2181384414434433,0.1222560703754425,0.03785409405827522,0.05746790021657944,0.05746790021657944,0.019613806158304214,0.49097299575805664,0.420192152261734,0.009429726749658585,0.7557777166366577,3.005948305130005,12.599884986877441,-0.520755410194397,1.6281654834747314,0.0009411051869392395,1.866007924079895
0.04589740186929703,0.2142367959022522,0.1341732293367386,0.03823027014732361,0.053685277700424194,0.053685277700424194,0.015455007553100586,0.47225043177604675,0.40805569291114807,0.0027256030589342117,0.7773606181144714,3.0074827671051025,12.747026443481445,-0.5256015062332153,1.6307133436203003,0.001674354076385498,1.8750983476638794
0.0482979416847229,0.21976792812347412,0.12034567445516586,0.04029826074838638,0.05642359331250191,0.05642359331250191,0.016125332564115524,0.513948917388916,0.4187597334384918,0.006309430114924908,0.7620745301246643,3.0670619010925293,12.927800178527832,-0.5283756852149963,1.643815040588379,0.0005231648683547974,1.8849574327468872
0.04059118404984474,0.20147253572940826,0.11826221644878387,0.03195560723543167,0.04936275631189346,0.04936275631189346,0.017407149076461792,0.5039315223693848,0.39671650528907776,0.009453769773244858,0.7611701488494873,3.054750919342041,12.786680221557617,-0.5283313393592834,1.650904655456543,0.003858812153339386,1.8927600383758545
0.04184923693537712,0.20457085967063904,0.1216636449098587,0.03538737818598747,0.04841286316514015,0.04841286316514015,0.01302548497915268,0.4918379783630371,0.40050163865089417,0.006939513608813286,0.7729174494743347,3.084697961807251,13.009746551513672,-0.5297185182571411,1.6682945489883423,0.005221568048000336,1.9090583324432373
0.04289303719997406,0.2071063369512558,0.12140335142612457,0.03548479452729225,0.0504179410636425,0.0504179410636425,0.01493314653635025,0.5250716209411621,0.4131444990634918,0.006661253049969673,0.7688496112823486,3.1475443840026855,13.315695762634277,-0.5353575944900513,1.6655031442642212,0.005590483546257019,1.9123284816741943
0.038853973150253296,0.19711410999298096,0.11764056235551834,0.031314510852098465,0.046512171626091,0.046512171626091,0.015197660773992538,0.48682260513305664,0.39839497208595276,0.00788312777876854,0.774087131023407,3.1136634349823,13.012337684631348,-0.5350238084793091,1.685630202293396,0.0018563196063041687,1.9230539798736572
0.03758310526609421,0.1938636302947998,0.11241403222084045,0.029269713908433914,0.04602741450071335,0.04602741450071335,0.016757700592279434,0.492825984954834,0.3866323232650757,0.006303710862994194,0.7700331807136536,3.1690316200256348,13.310425758361816,-0.5407521724700928,1.6883498430252075,-1.0050833225250244e-05,1.9311565160751343
0.039169229567050934,0.19791217148303986,0.11666896194219589,0.032233793288469315,0.046213895082473755,0.046213895082473755,0.01398010179400444,0.49767541885375977,0.40806713700294495,0.005370268598198891,0.7772616147994995,3.1809849739074707,13.461790084838867,-0.5412962436676025,1.7013295888900757,0.0008833706378936768,1.9407804012298584
0.04184671491384506,0.20456469058990479,0.11780237406492233,0.0333823561668396,0.05044436827301979,0.05044436827301979,0.01706201210618019,0.47849127650260925,0.3938411772251129,0.003948630765080452,0.7823978662490845,3.219738483428955,13.667411804199219,-0.5446154475212097,1.7132456302642822,0.0027414411306381226,1.957406997680664
0.036534108221530914,0.19113898277282715,0.11261352151632309,0.02862035483121872,0.04457249119877815,0.04457249119877815,0.015952136367559433,0.509096622467041,0.41934242844581604,0.010083040222525597,0.7707743048667908,3.2199952602386475,13.519881248474121,-0.5428922176361084,1.732406735420227,0.006458982825279236,1.972650408744812
0.03725108504295349,0.19300539791584015,0.11614470183849335,0.027444640174508095,0.047211967408657074,0.047211967408657074,0.01976732723414898,0.507387638092041,0.4080747663974762,0.005935244262218475,0.778998613357544,3.217653274536133,13.464787483215332,-0.5497832298278809,1.7264066934585571,0.0010848641395568848,1.9694002866744995
0.036623574793338776,0.19137287139892578,0.10916180908679962,0.02674243599176407,0.046660326421260834,0.046660326421260834,0.019917890429496765,0.49423646926879883,0.41130581498146057,0.0072350166738033295,0.771515965461731,3.2410225868225098,13.579100608825684,-0.550074577331543,1.738126277923584,0.0018887817859649658,1.9779046773910522
0.035887304693460464,0.18943944573402405,0.11528743803501129,0.02745871990919113,0.044448621571063995,0.044448621571063995,0.016989901661872864,0.4700617492198944,0.4035772383213043,0.004339704290032387,0.7823988199234009,3.253113269805908,13.70389175415039,-0.5521982312202454,1.7452952861785889,0.0013420060276985168,1.9886689186096191
0.03878682479262352,0.1969437152147293,0.11073923110961914,0.029312411323189735,0.04841044545173645,0.04841044545173645,0.019098034128546715,0.5122265815734863,0.40191879868507385,0.003604598343372345,0.7780218124389648,3.3134708404541016,13.98410415649414,-0.5593439936637878,1.742814540863037,0.004133798182010651,1.9899567365646362
0.03129267692565918,0.17689736187458038,0.10593868792057037,0.02507646381855011,0.03760679066181183,0.03760679066181183,0.012530326843261719,0.4860062599182129,0.40739670395851135,0.0029900912195444107,0.7870837450027466,3.3007967472076416,13.898964881896973,-0.558639645576477,1.7546168565750122,0.006002582609653473,1.9978190660476685
0.03440993279218674,0.1854991465806961,0.10593785345554352,0.026404717937111855,0.04254120960831642,0.04254120960831642,0.016136491671204567,0.5055699348449707,0.4075712263584137,0.005000514909625053,0.7744098901748657,3.3272407054901123,13.987382888793945,-0.5631191730499268,1.7644319534301758,0.002612501382827759,2.0096025466918945
0.041452065110206604,0.2035977989435196,0.10762067884206772,0.02935899794101715,0.05373557657003403,0.05373557657003403,0.024376578629016876,0.5117735862731934,0.3873676061630249,0.0050178878009319305,0.7767095565795898,3.3760180473327637,14.279170989990234,-0.5649372339248657,1.7658331394195557,0.0028290972113609314,2.011012315750122
0.03202921897172928,0.17896708846092224,0.10547810047864914,0.024691201746463776,0.03948279097676277,0.03948279097676277,0.014791589230298996,0.49559926986694336,0.3835843801498413,0.00743689201772213,0.771526038646698,3.375735282897949,14.286930084228516,-0.5644806027412415,1.7723370790481567,0.006646178662776947,2.021308422088623
0.03045434132218361,0.17451171576976776,0.10408288985490799,0.023953694850206375,0.037057358771562576,0.037057358771562576,0.013103663921356201,0.4703840911388397,0.3950180113315582,0.005277119576931,0.790463387966156,3.370591163635254,14.244312286376953,-0.5652871131896973,1.7998732328414917,0.004981428384780884,2.039959669113159
0.032735150307416916,0.180928573012352,0.10698293149471283,0.025162389501929283,0.04042716324329376,0.04042716324329376,0.015264773741364479,0.4590878188610077,0.39795437455177307,0.0043508391827344894,0.7891725301742554,3.3813223838806152,14.245660781860352,-0.5692017078399658,1.796990990638733,0.0024127736687660217,2.039314031600952
0.03142424672842026,0.177268847823143,0.10577349364757538,0.02467266283929348,0.03828215226531029,0.03828215226531029,0.013609489426016808,0.5008378028869629,0.3939003050327301,0.0052138157188892365,0.7873464226722717,3.3936216831207275,14.311943054199219,-0.5697990655899048,1.8071892261505127,0.0021490901708602905,2.0511772632598877
0.03248541057109833,0.18023709952831268,0.10870344191789627,0.024008700624108315,0.041095610707998276,0.041095610707998276,0.01708691008388996,0.5014195442199707,0.4287876486778259,0.004333909600973129,0.7859565019607544,3.4094042778015137,14.348518371582031,-0.5749038457870483,1.8091623783111572,-0.0016202256083488464,2.0542428493499756
0.030826302245259285,0.17557421326637268,0.09734608232975006,0.023122550919651985,0.03865137696266174,0.03865137696266174,0.015528826043009758,0.5046324729919434,0.41223469376564026,0.004480199888348579,0.7885000109672546,3.4525012969970703,14.59292221069336,-0.5746527910232544,1.8169089555740356,0.0032667815685272217,2.0632944107055664
0.029096368700265884,0.1705765724182129,0.10052460432052612,0.022587167099118233,0.03570808097720146,0.03570808097720146,0.013120913878083229,0.48415133357048035,0.40214958786964417,0.0046808719635009766,0.7834243178367615,3.4480671882629395,14.510963439941406,-0.5784279108047485,1.8153976202011108,0.00764128565788269,2.0653016567230225
0.034130632877349854,0.18474477529525757,0.102315254509449,0.023261873051524162,0.045170556753873825,0.045170556753873825,0.021908683702349663,0.5131583213806152,0.4574227035045624,0.002236790955066681,0.7877035140991211,3.4851574897766113,14.753338813781738,-0.5809390544891357,1.8190534114837646,0.0065967366099357605,2.0668556690216064
0.025885343551635742,0.16088922321796417,0.10143112391233444,0.020705729722976685,0.031146526336669922,0.031146526336669922,0.010440796613693237,0.5113415718078613,0.4537491500377655,0.0029854029417037964,0.7955264449119568,3.461094379425049,14.618160247802734,-0.5796331167221069,1.8344156742095947,0.0014606863260269165,2.077843189239502
0.027550458908081055,0.16598330438137054,0.10012291371822357,0.021400216966867447,0.033797554671764374,0.033797554671764374,0.012397337704896927,0.5144267082214355,0.42038384079933167,0.001996375620365143,0.7984370589256287,3.4936628341674805,14.810588836669922,-0.5810806751251221,1.84060800075531,0.003523983061313629,2.086258888244629
0.026951266452670097,0.16416840255260468,0.09283426403999329,0.02071026898920536,0.033290546387434006,0.033290546387434006,0.012580277398228645,0.502967357635498,0.3842824697494507,0.0023080389946699142,0.8009028434753418,3.497382879257202,14.773368835449219,-0.5826514959335327,1.8453874588012695,0.002825014293193817,2.0887997150421143
0.024374812841415405,0.15612435340881348,0.09033644199371338,0.01814398728311062,0.03070376254618168,0.03070376254618168,0.01255977526307106,0.49626588821411133,0.4141058027744293,0.005317112430930138,0.7918888330459595,3.522164821624756,14.9493989944458,-0.5824263095855713,1.861533284187317,0.0066561028361320496,2.103506565093994
0.026189032942056656,0.16183026134967804,0.0934314876794815,0.019426140934228897,0.03305843099951744,0.03305843099951744,0.013632290065288544,0.49236631393432617,0.38249433040618896,-9.40319150686264e-05,0.802371621131897,3.549809455871582,15.102313041687012,-0.5901828408241272,1.853026270866394,0.0038629770278930664,2.099090099334717
0.02602844499051571,0.1613333374261856,0.09408438205718994,0.020519638434052467,0.031624000519514084,0.031624000519514084,0.011104362085461617,0.49150609970092773,0.3973621428012848,0.0031095966696739197,0.7991724610328674,3.5489654541015625,15.114370346069336,-0.5870752334594727,1.8667056560516357,0.005124814808368683,2.1139304637908936
0.025506924837827682,0.1597088724374771,0.0925009697675705,0.01900569163262844,0.032110545784235,0.032110545784235,0.01310485415160656,0.4986138343811035,0.3982919752597809,0.0027226917445659637,0.8042428493499756,3.5499491691589355,15.068458557128906,-0.5870028734207153,1.8670227527618408,0.0035663098096847534,2.1144609451293945
0.024265635758638382,0.1557743102312088,0.08637398481369019,0.018212027847766876,0.030414577573537827,0.030414577573537827,0.01220254972577095,0.47750040888786316,0.3829702138900757,0.0007908158004283905,0.8053205013275146,3.567753791809082,15.123550415039062,-0.5923485159873962,1.8778432607650757,0.00314987450838089,2.121575117111206
0.03529495745897293,0.18786951899528503,0.09658382833003998,0.02487684041261673,0.04587714374065399,0.04587714374065399,0.021000303328037262,0.4951786994934082,0.3807262182235718,0.0029465556144714355,0.7939671277999878,3.5771021842956543,15.10223388671875,-0.5946352481842041,1.8752485513687134,0.004430904984474182,2.1214303970336914
0.025635574012994766,0.16011112928390503,0.09547226130962372,0.01987357810139656,0.03148831054568291,0.03148831054568291,0.011614732444286346,0.4693712890148163,0.43221515417099,0.001828700304031372,0.8048344254493713,3.559143543243408,15.027225494384766,-0.5915378332138062,1.869978904724121,0.007485419511795044,2.117913246154785
0.02635779231786728,0.1623508334159851,0.08874071389436722,0.02072092890739441,0.0320834219455719,0.0320834219455719,0.01136249303817749,0.4854397773742676,0.4043983519077301,0.0017476696521043777,0.8140307664871216,3.5767908096313477,15.158393859863281,-0.5896649360656738,1.8848552703857422,0.00270727276802063,2.123204469680786
0.025646168738603592,0.16014420986175537,0.09712155163288116,0.0197409987449646,0.03164433315396309,0.03164433315396309,0.01190333440899849,0.44667381048202515,0.38974225521087646,-0.0018048938363790512,0.8250784277915955,3.5518722534179688,14.979039192199707,-0.5943081378936768,1.8860734701156616,0.00244150310754776,2.1298556327819824
0.022960497066378593,0.15152721107006073,0.09043118357658386,0.016665056347846985,0.02935507893562317,0.02935507893562317,0.012690022587776184,0.49497175216674805,0.41434136033058167,-0.00016044266521930695,0.817466139793396,3.5926883220672607,15.230873107910156,-0.5947494506835938,1.8970774412155151,0.0016703084111213684,2.139314651489258
0.025933610275387764,0.16103915870189667,0.08737272024154663,0.018864590674638748,0.03311395272612572,0.03311395272612572,0.014249362051486969,0.48572492599487305,0.39360180497169495,0.001942301169037819,0.8075211644172668,3.611072540283203,15.269996643066406,-0.597669780254364,1.8964227437973022,0.005562260746955872,2.141545057296753
0.023554496467113495,0.15347474813461304,0.08505219966173172,0.018201276659965515,0.02899201773107052,0.02899201773107052,0.010790741071105003,0.4935450553894043,0.39452019333839417,-0.0009228680282831192,0.8182653784751892,3.6120760440826416,15.27662181854248,-0.6001671552658081,1.8990737199783325,0.003966294229030609,2.146648645401001
0.02131572552025318,0.14599905908107758,0.08461824059486389,0.016048550605773926,0.02666584961116314,0.02666584961116314,0.010617299005389214,0.47696158289909363,0.39868679642677307,-0.0018026921898126602,0.8253926038742065,3.636749267578125,15.43730354309082,-0.6000618934631348,1.9156306982040405,0.0027874410152435303,2.1576905250549316
0.022325962781906128,0.14941875636577606,0.08603757619857788,0.016551677137613297,0.028191179037094116,0.028191179037094116,0.01163950189948082,0.47528502345085144,0.38981473445892334,-0.0023696236312389374,0.8292793035507202,3.6398262977600098,15.448288917541504,-0.6027146577835083,1.920629620552063,0.006131909787654877,2.1670477390289307
0.019650530070066452,0.14018034934997559,0.08216068148612976,0.01529326755553484,0.02407640963792801,0.02407640963792801,0.00878314208239317,0.4861111640930176,0.3977436125278473,-0.0022049471735954285,0.8290223479270935,3.664301872253418,15.59115219116211,-0.6044076681137085,1.9203782081604004,0.004832424223423004,2.167877197265625
0.022272896021604538,0.14924106001853943,0.0816211849451065,0.01502216700464487,0.029637811705470085,0.029637811705470085,0.014615644700825214,0.47194811701774597,0.39840641617774963,-0.003491424024105072,0.8358705043792725,3.690901517868042,15.710905075073242,-0.606925368309021,1.9324405193328857,0.0030533969402313232,2.177215576171875
0.020449860021471977,0.14300300180912018,0.08180184662342072,0.014551470056176186,0.026441140100359917,0.026441140100359917,0.011889670044183731,0.48736143112182617,0.3885101079940796,-0.0026394613087177277,0.8337109088897705,3.692103147506714,15.686936378479004,-0.6080805063247681,1.9364827871322632,0.00546891987323761,2.1839754581451416
0.02091127261519432,0.1446073055267334,0.08678393065929413,0.015120070427656174,0.026793671771883965,0.026793671771883965,0.01167360134422779,0.49454736709594727,0.43295425176620483,-0.0025620535016059875,0.8399898409843445,3.6712536811828613,15.58308219909668,-0.6072575449943542,1.9450393915176392,0.0027917400002479553,2.192293167114258
0.022030632942914963,0.14842720329761505,0.08335155248641968,0.0160139799118042,0.028142033144831657,0.028142033144831657,0.012128053233027458,0.4602303206920624,0.3966917097568512,-0.002565305680036545,0.8391782641410828,3.691181182861328,15.639399528503418,-0.6103479862213135,1.9492000341415405,0.0024668648838996887,2.1925384998321533
0.021278996020555496,0.14587321877479553,0.08388660103082657,0.015901606529951096,0.026741065084934235,0.026741065084934235,0.010839458554983139,0.45708224177360535,0.3850206136703491,-0.005226973444223404,0.843064546585083,3.6768269538879395,15.506448745727539,-0.6145503520965576,1.9414584636688232,0.002725549042224884,2.1892447471618652
0.02441869117319584,0.15626481175422668,0.08766257762908936,0.018678292632102966,0.030249489471316338,0.030249489471316338,0.011571196839213371,0.5314221978187561,0.46255919337272644,-0.0036548003554344177,0.8374603390693665,3.6897873878479004,15.55974006652832,-0.6134746670722961,1.9478285312652588,1.8455088138580322e-05,2.192814350128174
0.01884491555392742,0.1372767835855484,0.0768640860915184,0.014423789456486702,0.023335667327046394,0.023335667327046394,0.008911877870559692,0.4783272445201874,0.408320814371109,-0.00324932299554348,0.8378609418869019,3.6884350776672363,15.526545524597168,-0.6138954758644104,1.9548702239990234,0.005342207849025726,2.2024333477020264
0.019438892602920532,0.1394234299659729,0.07839352637529373,0.014563756063580513,0.024390801787376404,0.024390801787376404,0.00982704572379589,0.478544682264328,0.3903754949569702,-0.00288422591984272,0.8340117335319519,3.6910035610198975,15.57138729095459,-0.6148250699043274,1.9560495615005493,0.005106225609779358,2.2014167308807373
0.019596945494413376,0.13998909294605255,0.08282968401908875,0.014750069938600063,0.02452014945447445,0.02452014945447445,0.009770079515874386,0.45394274592399597,0.3853095769882202,-0.006225213408470154,0.8424081206321716,3.699371099472046,15.63367748260498,-0.6165050268173218,1.949295997619629,0.008035920560359955,2.205270767211914
0.0180069413036108,0.13418994843959808,0.0784551277756691,0.013264568522572517,0.02282399870455265,0.02282399870455265,0.009559430181980133,0.4985356330871582,0.4150337278842926,-0.006633289158344269,0.847734272480011,3.6907403469085693,15.529804229736328,-0.6184921264648438,1.9620516300201416,0.001598358154296875,2.2093453407287598
0.018265683203935623,0.13515059649944305,0.08146530389785767,0.01380022894591093,0.022801455110311508,0.022801455110311508,0.009001226164400578,0.4521564841270447,0.37751615047454834,-0.003742612898349762,0.8504307270050049,3.7052459716796875,15.652900695800781,-0.6144240498542786,1.9809283018112183,0.005386650562286377,2.2223544120788574
0.017421722412109375,0.13199137151241302,0.0828525573015213,0.013859082944691181,0.02104046568274498,0.02104046568274498,0.007181382738053799,0.46712347865104675,0.40802326798439026,-0.004743074998259544,0.849543035030365,3.713387966156006,15.654875755310059,-0.6181342601776123,1.9697507619857788,0.010133467614650726,2.220585823059082
0.018429046496748924,0.13575363159179688,0.07609191536903381,0.013203902170062065,0.02373647317290306,0.02373647317290306,0.010532571002840996,0.45773741602897644,0.366019606590271,-0.0038639679551124573,0.8419132232666016,3.7203893661499023,15.68542194366455,-0.6200884580612183,1.9758604764938354,0.004969082772731781,2.223747968673706
0.02039872482419014,0.14282409846782684,0.07504057884216309,0.01416816283017397,0.026727404445409775,0.026727404445409775,0.012559241615235806,0.46365591883659363,0.4140390455722809,-0.005071479827165604,0.8460204601287842,3.7428832054138184,15.79833698272705,-0.6213783025741577,1.981776475906372,0.004476800560951233,2.227346897125244
0.025806192308664322,0.1606430560350418,0.08390852808952332,0.020182698965072632,0.03151824697852135,0.03151824697852135,0.011335548013448715,0.47771593928337097,0.37993085384368896,-0.004508575424551964,0.8406089544296265,3.766716480255127,15.925850868225098,-0.6238990426063538,1.9826502799987793,0.005914635956287384,2.2313804626464844
0.02074890211224556,0.14404478669166565,0.07741571962833405,0.015987906605005264,0.02558487467467785,0.02558487467467785,0.009596968069672585,0.4776768386363983,0.38607919216156006,-0.005181413143873215,0.8509253263473511,3.7351155281066895,15.675006866455078,-0.6233757734298706,1.9893258810043335,0.0020148009061813354,2.236323118209839
0.018784482032060623,0.13705648481845856,0.07781770080327988,0.015138273127377033,0.02248810976743698,0.02248810976743698,0.007349836640059948,0.47838541865348816,0.407583624124527,-0.005714515224099159,0.8450324535369873,3.743030548095703,15.735910415649414,-0.6251566410064697,1.9857982397079468,0.008061543107032776,2.237880229949951
0.01950364001095295,0.13965542614459991,0.07671043276786804,0.01449622679501772,0.024589909240603447,0.024589909240603447,0.010093682445585728,0.44730132818222046,0.4003728926181793,-0.006087295711040497,0.8538673520088196,3.75764799118042,15.815007209777832,-0.6254812479019165,1.9916565418243408,0.004333764314651489,2.239525318145752
0.015538790263235569,0.12465468049049377,0.07699671387672424,0.011686773970723152,0.01945146732032299,0.01945146732032299,0.007764693349599838,0.47437140345573425,0.4180425703525543,-0.007565902546048164,0.8572474718093872,3.722797155380249,15.581727981567383,-0.628334105014801,1.995162010192871,0.0032404065132141113,2.2478933334350586
0.01680443249642849,0.129631906747818,0.07874342054128647,0.012220955453813076,0.021460093557834625,0.021460093557834625,0.00923913810402155,0.4487156271934509,0.3880656957626343,-0.0075717102736234665,0.8572937846183777,3.7330479621887207,15.645464897155762,-0.6285767555236816,2.0027999877929688,0.0025875717401504517,2.252678632736206
0.02133995108306408,0.14608199894428253,0.0769881084561348,0.01585935801267624,0.026906849816441536,0.026906849816441536,0.011047491803765297,0.47076746821403503,0.3965524733066559,-0.008589690551161766,0.8569589853286743,3.7695717811584473,15.81320571899414,-0.6331067681312561,1.99107027053833,0.003131650388240814,2.245504140853882
0.01588393561542034,0.12603148818016052,0.07313542068004608,0.011226330883800983,0.02061488665640354,0.02061488665640354,0.009388555772602558,0.46794459223747253,0.3772672414779663,-0.007273590192198753,0.8548497557640076,3.7322983741760254,15.534235000610352,-0.6314871311187744,1.9965407848358154,0.008251778781414032,2.254336357116699
0.015382284298539162,0.12402533739805222,0.07331569492816925,0.012004048563539982,0.0188137199729681,0.0188137199729681,0.00680967140942812,0.4594282805919647,0.377433180809021,-0.008905882015824318,0.8632010221481323,3.716034412384033,15.487265586853027,-0.6295748949050903,2.0021698474884033,0.005343176424503326,2.2586066722869873
0.01748783513903618,0.13224157691001892,0.08225893974304199,0.012911356985569,0.0221363827586174,0.0221363827586174,0.009225025773048401,0.39859238266944885,0.3578532636165619,-0.010504622012376785,0.8644983172416687,3.7272515296936035,15.52791976928711,-0.6343120336532593,1.996293306350708,0.0012968406081199646,2.253584861755371
0.015413319692015648,0.12415038794279099,0.07215149700641632,0.010951321572065353,0.01994558423757553,0.01994558423757553,0.008994262665510178,0.4394459128379822,0.3541158139705658,-0.010742980986833572,0.8693038821220398,3.776284694671631,15.82579517364502,-0.6348391175270081,2.001495122909546,0.005188517272472382,2.2600350379943848
0.014397026039659977,0.1199876070022583,0.06885010749101639,0.01008509285748005,0.01877686381340027,0.01877686381340027,0.00869177095592022,0.4664416015148163,0.394801527261734,-0.01207813248038292,0.8730688691139221,3.7905635833740234,15.90124225616455,-0.6371194124221802,2.009744882583618,0.00427178293466568,2.2683768272399902
0.017893800511956215,0.13376770913600922,0.07459668815135956,0.01352161169052124,0.022334842011332512,0.022334842011332512,0.008813230320811272,0.46158549189567566,0.4262194037437439,-0.011933168396353722,0.8697361350059509,3.7807860374450684,15.795370101928711,-0.6384514570236206,2.0076639652252197,0.0007679611444473267,2.2650110721588135
0.013328450731933117,0.11544890701770782,0.06914022564888,0.009729553014039993,0.01698402315378189,0.01698402315378189,0.007254470139741898,0.48065516352653503,0.4023222029209137,-0.010396583005785942,0.871515691280365,3.784647226333618,15.838665962219238,-0.6359041929244995,2.0163395404815674,0.0033259838819503784,2.272850751876831
0.013675037771463394,0.11694031953811646,0.07069479674100876,0.010200700722634792,0.01720408722758293,0.01720408722758293,0.007003386504948139,0.48533201217651367,0.40231552720069885,-0.0103205107152462,0.8675957322120667,3.7768125534057617,15.764957427978516,-0.6378637552261353,2.016977548599243,0.0043153464794158936,2.277731418609619
0.014347399584949017,0.11978062987327576,0.06670700013637543,0.0099925696849823,0.01877080649137497,0.01877080649137497,0.00877823680639267,0.4751858413219452,0.4239782691001892,-0.01187903992831707,0.871508002281189,3.797569990158081,15.84858512878418,-0.6404705047607422,2.0195138454437256,0.004519619047641754,2.2789218425750732
0.013668423518538475,0.11691202968358994,0.07003168761730194,0.010470104403793812,0.01691710762679577,0.01691710762679577,0.006447003223001957,0.4327015280723572,0.41040077805519104,-0.011311782523989677,0.8742543458938599,3.808152675628662,15.952109336853027,-0.640447199344635,2.025172472000122,0.007993735373020172,2.2871575355529785
0.015721265226602554,0.12538446485996246,0.0696759894490242,0.011479122564196587,0.02003021538257599,0.02003021538257599,0.008551092818379402,0.4778704345226288,0.3974222242832184,-0.013726171106100082,0.8794276118278503,3.825725555419922,15.99444580078125,-0.643579363822937,2.0206515789031982,0.00491669774055481,2.2827303409576416
0.013574224896728992,0.11650847643613815,0.06564082205295563,0.009713537059724331,0.017495710402727127,0.017495710402727127,0.007782173343002796,0.4658960998058319,0.40570202469825745,-0.012393007054924965,0.8774081468582153,3.8404836654663086,16.10497283935547,-0.6434904932975769,2.035968780517578,0.005261540412902832,2.2956464290618896
0.016364404931664467,0.12792342901229858,0.07620126008987427,0.01275335531681776,0.020032323896884918,0.020032323896884918,0.007278968580067158,0.4185861647129059,0.37448441982269287,-0.012402471154928207,0.8813033699989319,3.7953836917877197,15.812047004699707,-0.641289234161377,2.0296950340270996,0.003960959613323212,2.291027784347534
0.013436056673526764,0.1159140020608902,0.07050681114196777,0.009999452158808708,0.016926778480410576,0.016926778480410576,0.006927326321601868,0.49603700637817383,0.4701513946056366,-0.015037287026643753,0.8794226050376892,3.7951793670654297,15.777210235595703,-0.6469055414199829,2.0232951641082764,0.009388938546180725,2.291454315185547
0.015305177308619022,0.12371409684419632,0.07180619984865189,0.011494908481836319,0.0191754512488842,0.0191754512488842,0.007680542767047882,0.4835180938243866,0.4146541655063629,-0.013728465884923935,0.8799142241477966,3.7984981536865234,15.773124694824219,-0.6447679996490479,2.0249009132385254,0.006490893661975861,2.28887677192688
0.013333802111446857,0.11547208577394485,0.06709986180067062,0.009885190986096859,0.01683672145009041,0.01683672145009041,0.006951530463993549,0.4644417464733124,0.40362587571144104,-0.01345791108906269,0.8785777688026428,3.816070079803467,15.877565383911133,-0.6464267373085022,2.0323166847229004,0.006861463189125061,2.2952780723571777
0.014620154164731503,0.12091382592916489,0.07134216278791428,0.0122954361140728,0.01698148064315319,0.01698148064315319,0.004686044529080391,0.4811100661754608,0.397120863199234,-0.01344299502670765,0.8848533630371094,3.834373950958252,15.969889640808105,-0.6472166776657104,2.0413663387298584,0.005355730652809143,2.308159351348877
0.01401836983859539,0.11839919537305832,0.06659705191850662,0.010598823428153992,0.017491765320301056,0.017491765320301056,0.006892941892147064,0.45967337489128113,0.38295304775238037,-0.014451190829277039,0.887805700302124,3.8879690170288086,16.357810974121094,-0.649581789970398,2.042710304260254,0.00475744903087616,2.30745530128479
0.014333645813167095,0.11972320824861526,0.06788139045238495,0.01029396615922451,0.018436942249536514,0.018436942249536514,0.008142976090312004,0.4904475212097168,0.39563217759132385,-0.01483619213104248,0.889777660369873,3.8616738319396973,16.1514892578125,-0.6507623195648193,2.0508031845092773,0.0021200329065322876,2.3098044395446777
